entity_id,qualified_name,entity_kind,entity_role,domain_score,variability_score,package_name,observed_product_set,classification_evidence
E1,Missile$$TankWar,CLASS,UNKNOWN,0.200,0.050,,TankWar_P1|TankWar_P2|TankWar_P3|TankWar_P4|TankWar_P5,no configured role token matched
E10,Missile$$TankWar.Missile$$TankWar,CONSTRUCTOR,UNKNOWN,0.200,0.050,Missile$$TankWar,TankWar_P1|TankWar_P2|TankWar_P3|TankWar_P4|TankWar_P5,no configured role token matched
E100,Tank$$TankWar.koordinateAktualisieren,METHOD,UNKNOWN,0.200,0.050,Tank$$TankWar,TankWar_P1|TankWar_P2|TankWar_P3|TankWar_P4|TankWar_P5,no configured role token matched
E101,Tank$$TankWar.tankFeindKI,METHOD,UNKNOWN,0.200,0.050,Tank$$TankWar,TankWar_P1|TankWar_P2|TankWar_P3|TankWar_P4|TankWar_P5,no configured role token matched
E102,Tank$$TankWar.beschaedigen,METHOD,UNKNOWN,0.200,0.050,Tank$$TankWar,TankWar_P1|TankWar_P2|TankWar_P3|TankWar_P4|TankWar_P5,no configured role token matched
E103,Tank$$TankWar.explodieren,METHOD,UNKNOWN,0.200,0.050,Tank$$TankWar,TankWar_P1|TankWar_P2|TankWar_P3|TankWar_P4|TankWar_P5,no configured role token matched
E104,Tank$$TankWar.toolBehandeln,METHOD,UNKNOWN,0.200,0.050,Tank$$TankWar,TankWar_P1|TankWar_P2|TankWar_P3|TankWar_P4|TankWar_P5,no configured role token matched
E105,Menu,CLASS,UNKNOWN,0.200,0.050,,TankWar_P1|TankWar_P2|TankWar_P3|TankWar_P4|TankWar_P5,no configured role token matched
E106,Menu.options,FIELD,UNKNOWN,0.200,0.050,Menu,TankWar_P1|TankWar_P2|TankWar_P3|TankWar_P4|TankWar_P5,no configured role token matched
E107,Menu.logoXK,FIELD,UNKNOWN,0.200,0.050,Menu,TankWar_P1|TankWar_P2|TankWar_P3|TankWar_P4|TankWar_P5,no configured role token matched
E108,Menu.logoYK,FIELD,UNKNOWN,0.200,0.050,Menu,TankWar_P1|TankWar_P2|TankWar_P3|TankWar_P4|TankWar_P5,no configured role token matched
E109,Menu.zeileAbstand,FIELD,UNKNOWN,0.200,0.050,Menu,TankWar_P1|TankWar_P2|TankWar_P3|TankWar_P4|TankWar_P5,no configured role token matched
E11,Missile$$TankWar.init,METHOD,UNKNOWN,0.200,0.050,Missile$$TankWar,TankWar_P1|TankWar_P2|TankWar_P3|TankWar_P4|TankWar_P5,no configured role token matched
E110,Menu.maler,FIELD,UNKNOWN,0.200,0.050,Menu,TankWar_P1|TankWar_P2|TankWar_P3|TankWar_P4|TankWar_P5,no configured role token matched
E111,Menu.logoimage,FIELD,UNKNOWN,0.200,0.050,Menu,TankWar_P1|TankWar_P2|TankWar_P3|TankWar_P4|TankWar_P5,no configured role token matched
E112,Menu.style,FIELD,UNKNOWN,0.200,0.050,Menu,TankWar_P1|TankWar_P2|TankWar_P3|TankWar_P4|TankWar_P5,no configured role token matched
E113,Menu.xStyle,FIELD,UNKNOWN,0.200,0.050,Menu,TankWar_P1|TankWar_P2|TankWar_P3|TankWar_P4|TankWar_P5,no configured role token matched
E114,Menu.yStyle,FIELD,UNKNOWN,0.200,0.050,Menu,TankWar_P1|TankWar_P2|TankWar_P3|TankWar_P4|TankWar_P5,no configured role token matched
E115,Menu.x_KoordinateImage,FIELD,UNKNOWN,0.200,0.050,Menu,TankWar_P1|TankWar_P2|TankWar_P3|TankWar_P4|TankWar_P5,no configured role token matched
E116,Menu.y_KoordinateImage,FIELD,UNKNOWN,0.200,0.050,Menu,TankWar_P1|TankWar_P2|TankWar_P3|TankWar_P4|TankWar_P5,no configured role token matched
E117,Menu.waehlbar,FIELD,UNKNOWN,0.200,0.050,Menu,TankWar_P1|TankWar_P2|TankWar_P3|TankWar_P4|TankWar_P5,no configured role token matched
E118,Menu.fontSize,FIELD,UNKNOWN,0.200,0.050,Menu,TankWar_P1|TankWar_P2|TankWar_P3|TankWar_P4|TankWar_P5,no configured role token matched
E119,Menu.font,FIELD,UNKNOWN,0.200,0.050,Menu,TankWar_P1|TankWar_P2|TankWar_P3|TankWar_P4|TankWar_P5,no configured role token matched
E12,Missile$$TankWar.malen,METHOD,UNKNOWN,0.200,0.050,Missile$$TankWar,TankWar_P1|TankWar_P2|TankWar_P3|TankWar_P4|TankWar_P5,no configured role token matched
E120,Menu.Menu,CONSTRUCTOR,UNKNOWN,0.200,0.050,Menu,TankWar_P1|TankWar_P2|TankWar_P3|TankWar_P4|TankWar_P5,no configured role token matched
E121,Menu.addLogo,METHOD,UNKNOWN,0.200,0.050,Menu,TankWar_P1|TankWar_P2|TankWar_P3|TankWar_P4|TankWar_P5,no configured role token matched
E122,Menu.setLogoKoordinate,METHOD,UNKNOWN,0.200,0.050,Menu,TankWar_P1|TankWar_P2|TankWar_P3|TankWar_P4|TankWar_P5,no configured role token matched
E123,Menu.setKoordinateImage,METHOD,UNKNOWN,0.200,0.050,Menu,TankWar_P1|TankWar_P2|TankWar_P3|TankWar_P4|TankWar_P5,no configured role token matched
E124,Menu.setZeileAbstand,METHOD,UNKNOWN,0.200,0.050,Menu,TankWar_P1|TankWar_P2|TankWar_P3|TankWar_P4|TankWar_P5,no configured role token matched
E125,Menu.setStyle,METHOD,UNKNOWN,0.200,0.050,Menu,TankWar_P1|TankWar_P2|TankWar_P3|TankWar_P4|TankWar_P5,no configured role token matched
E126,Menu.setWaehlbar,METHOD,UNKNOWN,0.200,0.050,Menu,TankWar_P1|TankWar_P2|TankWar_P3|TankWar_P4|TankWar_P5,no configured role token matched
E127,Menu.setFontSize,METHOD,UNKNOWN,0.200,0.050,Menu,TankWar_P1|TankWar_P2|TankWar_P3|TankWar_P4|TankWar_P5,no configured role token matched
E128,Menu.add,METHOD,UNKNOWN,0.200,0.050,Menu,TankWar_P1|TankWar_P2|TankWar_P3|TankWar_P4|TankWar_P5,no configured role token matched
E129,Menu.add,METHOD,UNKNOWN,0.200,0.050,Menu,TankWar_P1|TankWar_P2|TankWar_P3|TankWar_P4|TankWar_P5,no configured role token matched
E13,Missile$$TankWar.koordinateAktualisieren,METHOD,UNKNOWN,0.200,0.050,Missile$$TankWar,TankWar_P1|TankWar_P2|TankWar_P3|TankWar_P4|TankWar_P5,no configured role token matched
E130,Menu.add,METHOD,UNKNOWN,0.200,0.050,Menu,TankWar_P1|TankWar_P2|TankWar_P3|TankWar_P4|TankWar_P5,no configured role token matched
E131,Menu.KeyBehandeln,METHOD,UNKNOWN,0.200,0.050,Menu,TankWar_P1|TankWar_P2|TankWar_P3|TankWar_P4|TankWar_P5,no configured role token matched
E132,Menu.erscheinen,METHOD,UNKNOWN,0.200,0.050,Menu,TankWar_P1|TankWar_P2|TankWar_P3|TankWar_P4|TankWar_P5,no configured role token matched
E133,InfoPanel,CLASS,DOMAIN_SUPPORT,0.650,0.050,,TankWar_P1|TankWar_P2|TankWar_P3|TankWar_P4|TankWar_P5,matched domain-support token
E134,InfoPanel.maler,FIELD,UNKNOWN,0.200,0.050,InfoPanel,TankWar_P1|TankWar_P2|TankWar_P3|TankWar_P4|TankWar_P5,no configured role token matched
E135,InfoPanel.behalter,FIELD,UNKNOWN,0.200,0.050,InfoPanel,TankWar_P1|TankWar_P2|TankWar_P3|TankWar_P4|TankWar_P5,no configured role token matched
E136,InfoPanel.INFO_WIDTH,FIELD,UNKNOWN,0.200,0.050,InfoPanel,TankWar_P1|TankWar_P2|TankWar_P3|TankWar_P4|TankWar_P5,no configured role token matched
E137,InfoPanel.InfoPanel,CONSTRUCTOR,DOMAIN_SUPPORT,0.650,0.050,InfoPanel,TankWar_P1|TankWar_P2|TankWar_P3|TankWar_P4|TankWar_P5,matched domain-support token
E138,InfoPanel.paint,METHOD,UNKNOWN,0.200,0.050,InfoPanel,TankWar_P1|TankWar_P2|TankWar_P3|TankWar_P4|TankWar_P5,no configured role token matched
E139,Option,CLASS,UNKNOWN,0.200,0.050,,TankWar_P1|TankWar_P2|TankWar_P3|TankWar_P4|TankWar_P5,no configured role token matched
E14,Missile$$TankWar.treffenErkennen,METHOD,UNKNOWN,0.200,0.050,Missile$$TankWar,TankWar_P1|TankWar_P2|TankWar_P3|TankWar_P4|TankWar_P5,no configured role token matched
E140,Option.status,FIELD,UNKNOWN,0.200,0.050,Option,TankWar_P1|TankWar_P2|TankWar_P3|TankWar_P4|TankWar_P5,no configured role token matched
E141,Option.str,FIELD,UNKNOWN,0.200,0.050,Option,TankWar_P1|TankWar_P2|TankWar_P3|TankWar_P4|TankWar_P5,no configured role token matched
E142,Option.img,FIELD,UNKNOWN,0.200,0.050,Option,TankWar_P1|TankWar_P2|TankWar_P3|TankWar_P4|TankWar_P5,no configured role token matched
E143,Option.img2,FIELD,UNKNOWN,0.200,0.050,Option,TankWar_P1|TankWar_P2|TankWar_P3|TankWar_P4|TankWar_P5,no configured role token matched
E144,Option.prioritaet,FIELD,UNKNOWN,0.200,0.050,Option,TankWar_P1|TankWar_P2|TankWar_P3|TankWar_P4|TankWar_P5,no configured role token matched
E145,Option.Option,CONSTRUCTOR,UNKNOWN,0.200,0.050,Option,TankWar_P1|TankWar_P2|TankWar_P3|TankWar_P4|TankWar_P5,no configured role token matched
E146,Option.Option,CONSTRUCTOR,UNKNOWN,0.200,0.050,Option,TankWar_P1|TankWar_P2|TankWar_P3|TankWar_P4|TankWar_P5,no configured role token matched
E147,Option.Option,CONSTRUCTOR,UNKNOWN,0.200,0.050,Option,TankWar_P1|TankWar_P2|TankWar_P3|TankWar_P4|TankWar_P5,no configured role token matched
E148,GameManager$$TankWar,INTERFACE,UNKNOWN,0.200,0.050,,TankWar_P1|TankWar_P3|TankWar_P4|TankWar_P5,no configured role token matched
E149,GameManager,INTERFACE,UNKNOWN,0.200,0.050,,TankWar_P2,no configured role token matched
E15,Missile$$TankWar.explodieren,METHOD,UNKNOWN,0.200,0.050,Missile$$TankWar,TankWar_P1|TankWar_P2|TankWar_P3|TankWar_P4|TankWar_P5,no configured role token matched
E150,GameManager$$TankWar.MAIN_MENU,FIELD,APPLICATION_ORCHESTRATION,0.350,0.200,GameManager$$TankWar,TankWar_P1|TankWar_P3|TankWar_P4|TankWar_P5,matched orchestration token
E151,GameManager.MAIN_MENU,FIELD,APPLICATION_ORCHESTRATION,0.350,0.200,GameManager,TankWar_P2,matched orchestration token
E152,GameManager$$TankWar.TANK_WAEHLEN,FIELD,UNKNOWN,0.200,0.050,GameManager$$TankWar,TankWar_P1|TankWar_P3|TankWar_P4|TankWar_P5,no configured role token matched
E153,GameManager.TANK_WAEHLEN,FIELD,UNKNOWN,0.200,0.050,GameManager,TankWar_P2,no configured role token matched
E154,GameManager$$TankWar.SPIELEN,FIELD,UNKNOWN,0.200,0.050,GameManager$$TankWar,TankWar_P1|TankWar_P3|TankWar_P4|TankWar_P5,no configured role token matched
E155,GameManager.SPIELEN,FIELD,UNKNOWN,0.200,0.050,GameManager,TankWar_P2,no configured role token matched
E156,GameManager$$TankWar.NOTE,FIELD,UNKNOWN,0.200,0.050,GameManager$$TankWar,TankWar_P1|TankWar_P3|TankWar_P4|TankWar_P5,no configured role token matched
E157,GameManager.NOTE,FIELD,UNKNOWN,0.200,0.050,GameManager,TankWar_P2,no configured role token matched
E158,GameManager$$TankWar.HELP,FIELD,UNKNOWN,0.200,0.050,GameManager$$TankWar,TankWar_P1|TankWar_P3|TankWar_P4|TankWar_P5,no configured role token matched
E159,GameManager.HELP,FIELD,UNKNOWN,0.200,0.050,GameManager,TankWar_P2,no configured role token matched
E16,Missile$$TankWar.remove,METHOD,UNKNOWN,0.200,0.050,Missile$$TankWar,TankWar_P1|TankWar_P2|TankWar_P3|TankWar_P4|TankWar_P5,no configured role token matched
E160,GameManager$$TankWar.LIAN_WANG,FIELD,UNKNOWN,0.200,0.050,GameManager$$TankWar,TankWar_P1|TankWar_P3|TankWar_P4|TankWar_P5,no configured role token matched
E161,GameManager.LIAN_WANG,FIELD,UNKNOWN,0.200,0.050,GameManager,TankWar_P2,no configured role token matched
E162,GameManager$$TankWar.BANG_ZHU,FIELD,UNKNOWN,0.200,0.050,GameManager$$TankWar,TankWar_P1|TankWar_P3|TankWar_P4|TankWar_P5,no configured role token matched
E163,GameManager.BANG_ZHU,FIELD,UNKNOWN,0.200,0.050,GameManager,TankWar_P2,no configured role token matched
E164,GameManager$$TankWar.KAI_FA,FIELD,UNKNOWN,0.200,0.050,GameManager$$TankWar,TankWar_P1|TankWar_P3|TankWar_P4|TankWar_P5,no configured role token matched
E165,GameManager.KAI_FA,FIELD,UNKNOWN,0.200,0.050,GameManager,TankWar_P2,no configured role token matched
E166,GameManager$$TankWar.PAUSE,FIELD,UNKNOWN,0.200,0.050,GameManager$$TankWar,TankWar_P1|TankWar_P3|TankWar_P4|TankWar_P5,no configured role token matched
E167,GameManager.PAUSE,FIELD,UNKNOWN,0.200,0.050,GameManager,TankWar_P2,no configured role token matched
E168,GameManager$$TankWar.EXIT,FIELD,UNKNOWN,0.200,0.050,GameManager$$TankWar,TankWar_P1|TankWar_P3|TankWar_P4|TankWar_P5,no configured role token matched
E169,GameManager.EXIT,FIELD,UNKNOWN,0.200,0.050,GameManager,TankWar_P2,no configured role token matched
E17,Tank$$Tools,CLASS,UNKNOWN,0.200,0.050,,TankWar_P1|TankWar_P2|TankWar_P3|TankWar_P4|TankWar_P5,no configured role token matched
E170,GameManager$$TankWar.NAME_VERGEBEN,FIELD,UNKNOWN,0.200,0.050,GameManager$$TankWar,TankWar_P1|TankWar_P3|TankWar_P4|TankWar_P5,no configured role token matched
E171,GameManager.NAME_VERGEBEN,FIELD,UNKNOWN,0.200,0.050,GameManager,TankWar_P2,no configured role token matched
E172,GameManager$$TankWar.LOSE,FIELD,UNKNOWN,0.200,0.050,GameManager$$TankWar,TankWar_P1|TankWar_P3|TankWar_P4|TankWar_P5,no configured role token matched
E173,GameManager.LOSE,FIELD,UNKNOWN,0.200,0.050,GameManager,TankWar_P2,no configured role token matched
E174,GameManager$$TankWar.LEVEL,FIELD,UNKNOWN,0.200,0.050,GameManager$$TankWar,TankWar_P1|TankWar_P3|TankWar_P4|TankWar_P5,no configured role token matched
E175,GameManager.LEVEL,FIELD,UNKNOWN,0.200,0.050,GameManager,TankWar_P2,no configured role token matched
E176,GameManager$$TankWar.WIN,FIELD,UNKNOWN,0.200,0.050,GameManager$$TankWar,TankWar_P1|TankWar_P3|TankWar_P4|TankWar_P5,no configured role token matched
E177,GameManager.WIN,FIELD,UNKNOWN,0.200,0.050,GameManager,TankWar_P2,no configured role token matched
E178,GameManager$$TankWar.aktualisieren,METHOD,UNKNOWN,0.200,0.050,GameManager$$TankWar,TankWar_P1|TankWar_P3|TankWar_P4|TankWar_P5,no configured role token matched
E179,GameManager.aktualisieren,METHOD,UNKNOWN,0.200,0.050,GameManager,TankWar_P2,no configured role token matched
E18,Tank$$Tools.Tank$$Tools,CONSTRUCTOR,UNKNOWN,0.200,0.050,Tank$$Tools,TankWar_P1|TankWar_P2|TankWar_P3|TankWar_P4|TankWar_P5,no configured role token matched
E180,GameManager$$TankWar.malenkontrolle,METHOD,UNKNOWN,0.200,0.050,GameManager$$TankWar,TankWar_P1|TankWar_P3|TankWar_P4|TankWar_P5,no configured role token matched
E181,GameManager.malenkontrolle,METHOD,UNKNOWN,0.200,0.050,GameManager,TankWar_P2,no configured role token matched
E182,GameManager$$TankWar.keyPressBehandeln,METHOD,UNKNOWN,0.200,0.050,GameManager$$TankWar,TankWar_P1|TankWar_P3|TankWar_P4|TankWar_P5,no configured role token matched
E183,GameManager.keyPressBehandeln,METHOD,UNKNOWN,0.200,0.050,GameManager,TankWar_P2,no configured role token matched
E184,GameManager$$TankWar.keyReleaseBehandeln,METHOD,UNKNOWN,0.200,0.050,GameManager$$TankWar,TankWar_P1|TankWar_P3|TankWar_P4|TankWar_P5,no configured role token matched
E185,GameManager.keyReleaseBehandeln,METHOD,UNKNOWN,0.200,0.050,GameManager,TankWar_P2,no configured role token matched
E186,GameManager$$TankWar.setStatus,METHOD,UNKNOWN,0.200,0.050,GameManager$$TankWar,TankWar_P1|TankWar_P3|TankWar_P4|TankWar_P5,no configured role token matched
E187,GameManager.setStatus,METHOD,UNKNOWN,0.200,0.050,GameManager,TankWar_P2,no configured role token matched
E188,GameManager$$TankWar.getBlood,METHOD,UNKNOWN,0.200,0.050,GameManager$$TankWar,TankWar_P1|TankWar_P3|TankWar_P4|TankWar_P5,no configured role token matched
E189,GameManager.getBlood,METHOD,UNKNOWN,0.200,0.050,GameManager,TankWar_P2,no configured role token matched
E19,Tank$$Tools.malen,METHOD,UNKNOWN,0.200,0.050,Tank$$Tools,TankWar_P1|TankWar_P2|TankWar_P3|TankWar_P4|TankWar_P5,no configured role token matched
E190,GameManager$$TankWar.getTankMenge,METHOD,UNKNOWN,0.200,0.050,GameManager$$TankWar,TankWar_P1|TankWar_P3|TankWar_P4|TankWar_P5,no configured role token matched
E191,GameManager.getTankMenge,METHOD,UNKNOWN,0.200,0.050,GameManager,TankWar_P2,no configured role token matched
E192,Tool$$Tools,CLASS,UNKNOWN,0.200,0.050,,TankWar_P1|TankWar_P2|TankWar_P3|TankWar_P4|TankWar_P5,no configured role token matched
E193,Tool$$Tools.time,FIELD,UNKNOWN,0.200,0.050,Tool$$Tools,TankWar_P1|TankWar_P2|TankWar_P3|TankWar_P4|TankWar_P5,no configured role token matched
E194,Tool$$Tools.currTime,FIELD,UNKNOWN,0.200,0.050,Tool$$Tools,TankWar_P1|TankWar_P2|TankWar_P3|TankWar_P4|TankWar_P5,no configured role token matched
E195,Tool$$Tools.tankId,FIELD,UNKNOWN,0.200,0.050,Tool$$Tools,TankWar_P1|TankWar_P2|TankWar_P3|TankWar_P4|TankWar_P5,no configured role token matched
E196,Tool$$Tools.Tool$$Tools,CONSTRUCTOR,UNKNOWN,0.200,0.050,Tool$$Tools,TankWar_P1|TankWar_P2|TankWar_P3|TankWar_P4|TankWar_P5,no configured role token matched
E197,Tool$$Tools.init,METHOD,UNKNOWN,0.200,0.050,Tool$$Tools,TankWar_P1|TankWar_P2|TankWar_P3|TankWar_P4|TankWar_P5,no configured role token matched
E198,Tool$$Tools.malen,METHOD,UNKNOWN,0.200,0.050,Tool$$Tools,TankWar_P1|TankWar_P2|TankWar_P3|TankWar_P4|TankWar_P5,no configured role token matched
E199,Tool$$Tools.toolMalen,METHOD,UNKNOWN,0.200,0.050,Tool$$Tools,TankWar_P1|TankWar_P2|TankWar_P3|TankWar_P4|TankWar_P5,no configured role token matched
E2,Missile$$TankWar.geschwindigkeit,FIELD,UNKNOWN,0.200,0.050,Missile$$TankWar,TankWar_P1|TankWar_P2|TankWar_P3|TankWar_P4|TankWar_P5,no configured role token matched
E20,Tank$$Tools.toolKontroller,METHOD,UNKNOWN,0.200,0.050,Tank$$Tools,TankWar_P1|TankWar_P2|TankWar_P3|TankWar_P4|TankWar_P5,no configured role token matched
E200,Tool$$Tools.treffenErkennen,METHOD,UNKNOWN,0.200,0.050,Tool$$Tools,TankWar_P1|TankWar_P2|TankWar_P3|TankWar_P4|TankWar_P5,no configured role token matched
E201,Tool$$Tools.remove,METHOD,UNKNOWN,0.200,0.050,Tool$$Tools,TankWar_P1|TankWar_P2|TankWar_P3|TankWar_P4|TankWar_P5,no configured role token matched
E202,Maler$$PC,CLASS,UNKNOWN,0.200,0.050,,TankWar_P1|TankWar_P2|TankWar_P3|TankWar_P4|TankWar_P5,no configured role token matched
E203,Maler$$PC.gameManager,FIELD,UNKNOWN,0.200,0.050,Maler$$PC,TankWar_P1|TankWar_P2|TankWar_P3|TankWar_P4|TankWar_P5,no configured role token matched
E204,Maler$$PC.GAME_WIDTH,FIELD,UNKNOWN,0.200,0.050,Maler$$PC,TankWar_P1|TankWar_P2|TankWar_P3|TankWar_P4|TankWar_P5,no configured role token matched
E205,Maler$$PC.GAME_HEIGHT,FIELD,UNKNOWN,0.200,0.050,Maler$$PC,TankWar_P1|TankWar_P2|TankWar_P3|TankWar_P4|TankWar_P5,no configured role token matched
E206,Maler$$PC.gTemp,FIELD,UNKNOWN,0.200,0.050,Maler$$PC,TankWar_P1|TankWar_P2|TankWar_P3|TankWar_P4|TankWar_P5,no configured role token matched
E207,Maler$$PC.offScreenImage,FIELD,UNKNOWN,0.200,0.050,Maler$$PC,TankWar_P1|TankWar_P2|TankWar_P3|TankWar_P4|TankWar_P5,no configured role token matched
E208,Maler$$PC.menu,FIELD,UNKNOWN,0.200,0.050,Maler$$PC,TankWar_P1|TankWar_P2|TankWar_P3|TankWar_P4|TankWar_P5,no configured role token matched
E209,Maler$$PC.frame,FIELD,UNKNOWN,0.200,0.050,Maler$$PC,TankWar_P1|TankWar_P2|TankWar_P3|TankWar_P4|TankWar_P5,no configured role token matched
E21,Tank$$Tools.toolBehandeln,METHOD,UNKNOWN,0.200,0.050,Tank$$Tools,TankWar_P1|TankWar_P2|TankWar_P3|TankWar_P4|TankWar_P5,no configured role token matched
E210,Maler$$PC.infoPanel,FIELD,DOMAIN_SUPPORT,0.650,0.050,Maler$$PC,TankWar_P1|TankWar_P2|TankWar_P3|TankWar_P4|TankWar_P5,matched domain-support token
E211,Maler$$PC.infoWidth,FIELD,UNKNOWN,0.200,0.050,Maler$$PC,TankWar_P1|TankWar_P2|TankWar_P3|TankWar_P4|TankWar_P5,no configured role token matched
E212,Maler$$PC.status,FIELD,UNKNOWN,0.200,0.050,Maler$$PC,TankWar_P1|TankWar_P2|TankWar_P3|TankWar_P4|TankWar_P5,no configured role token matched
E213,Maler$$PC.time,FIELD,UNKNOWN,0.200,0.050,Maler$$PC,TankWar_P1|TankWar_P2|TankWar_P3|TankWar_P4|TankWar_P5,no configured role token matched
E214,Maler$$PC.tankType,FIELD,UNKNOWN,0.200,0.050,Maler$$PC,TankWar_P1|TankWar_P2|TankWar_P3|TankWar_P4|TankWar_P5,no configured role token matched
E215,Maler$$PC.tk,FIELD,UNKNOWN,0.200,0.050,Maler$$PC,TankWar_P1|TankWar_P2|TankWar_P3|TankWar_P4|TankWar_P5,no configured role token matched
E216,Maler$$PC.random,FIELD,UNKNOWN,0.200,0.050,Maler$$PC,TankWar_P1|TankWar_P2|TankWar_P3|TankWar_P4|TankWar_P5,no configured role token matched
E217,Maler$$PC.Maler$$PC,CONSTRUCTOR,UNKNOWN,0.200,0.050,Maler$$PC,TankWar_P1|TankWar_P2|TankWar_P3|TankWar_P4|TankWar_P5,no configured role token matched
E218,Maler$$PC.init,METHOD,UNKNOWN,0.200,0.050,Maler$$PC,TankWar_P1|TankWar_P2|TankWar_P3|TankWar_P4|TankWar_P5,no configured role token matched
E219,Maler$$PC.windowClosing.init,METHOD,UNKNOWN,0.200,0.050,Maler$$PC.windowClosing,TankWar_P1|TankWar_P2|TankWar_P3|TankWar_P4|TankWar_P5,no configured role token matched
E22,MapInfo,CLASS,UNKNOWN,0.200,0.050,,TankWar_P1|TankWar_P2|TankWar_P3|TankWar_P4|TankWar_P5,no configured role token matched
E220,Maler$$PC.gamesize,METHOD,UNKNOWN,0.200,0.050,Maler$$PC,TankWar_P1|TankWar_P2|TankWar_P3|TankWar_P4|TankWar_P5,no configured role token matched
E221,Maler$$PC.paint,METHOD,UNKNOWN,0.200,0.050,Maler$$PC,TankWar_P1|TankWar_P2|TankWar_P3|TankWar_P4|TankWar_P5,no configured role token matched
E222,Maler$$PC.mainMenu,METHOD,APPLICATION_ORCHESTRATION,0.350,0.200,Maler$$PC,TankWar_P1|TankWar_P2|TankWar_P3|TankWar_P4|TankWar_P5,matched orchestration token
E223,Maler$$PC.mainMenuerstellen,METHOD,APPLICATION_ORCHESTRATION,0.350,0.200,Maler$$PC,TankWar_P1|TankWar_P2|TankWar_P3|TankWar_P4|TankWar_P5,matched orchestration token
E224,Maler$$PC.tankWaehlen,METHOD,UNKNOWN,0.200,0.050,Maler$$PC,TankWar_P1|TankWar_P2|TankWar_P3|TankWar_P4|TankWar_P5,no configured role token matched
E225,Maler$$PC.tankErstellen,METHOD,UNKNOWN,0.200,0.050,Maler$$PC,TankWar_P1|TankWar_P2|TankWar_P3|TankWar_P4|TankWar_P5,no configured role token matched
E226,Maler$$PC.help,METHOD,UNKNOWN,0.200,0.050,Maler$$PC,TankWar_P1|TankWar_P2|TankWar_P3|TankWar_P4|TankWar_P5,no configured role token matched
E227,Maler$$PC.helpItemErstellen,METHOD,UNKNOWN,0.200,0.050,Maler$$PC,TankWar_P1|TankWar_P2|TankWar_P3|TankWar_P4|TankWar_P5,no configured role token matched
E228,Maler$$PC.loadImage,METHOD,UNKNOWN,0.200,0.050,Maler$$PC,TankWar_P1|TankWar_P2|TankWar_P3|TankWar_P4|TankWar_P5,no configured role token matched
E229,Maler$$PC.gameLevel,METHOD,UNKNOWN,0.200,0.050,Maler$$PC,TankWar_P1|TankWar_P2|TankWar_P3|TankWar_P4|TankWar_P5,no configured role token matched
E23,MapInfo.brickWall,FIELD,UNKNOWN,0.200,0.050,MapInfo,TankWar_P1|TankWar_P2|TankWar_P3|TankWar_P4|TankWar_P5,no configured role token matched
E230,Maler$$PC.gameLose,METHOD,UNKNOWN,0.200,0.050,Maler$$PC,TankWar_P1|TankWar_P2|TankWar_P3|TankWar_P4|TankWar_P5,no configured role token matched
E231,Maler$$PC.gameWin,METHOD,UNKNOWN,0.200,0.050,Maler$$PC,TankWar_P1|TankWar_P2|TankWar_P3|TankWar_P4|TankWar_P5,no configured role token matched
E232,Maler$$PC.gameExit,METHOD,UNKNOWN,0.200,0.050,Maler$$PC,TankWar_P1|TankWar_P2|TankWar_P3|TankWar_P4|TankWar_P5,no configured role token matched
E233,Maler$$PC.gamescreenstart,METHOD,UNKNOWN,0.200,0.050,Maler$$PC,TankWar_P1|TankWar_P2|TankWar_P3|TankWar_P4|TankWar_P5,no configured role token matched
E234,Maler$$PC.pause,METHOD,UNKNOWN,0.200,0.050,Maler$$PC,TankWar_P1|TankWar_P2|TankWar_P3|TankWar_P4|TankWar_P5,no configured role token matched
E235,Maler$$PC.keyPressedBehandeln,METHOD,UNKNOWN,0.200,0.050,Maler$$PC,TankWar_P1|TankWar_P2|TankWar_P3|TankWar_P4|TankWar_P5,no configured role token matched
E236,Maler$$PC.menuBehandeln,METHOD,UNKNOWN,0.200,0.050,Maler$$PC,TankWar_P1|TankWar_P2|TankWar_P3|TankWar_P4|TankWar_P5,no configured role token matched
E237,Maler$$PC.keyReleased,METHOD,UNKNOWN,0.200,0.050,Maler$$PC,TankWar_P1|TankWar_P2|TankWar_P3|TankWar_P4|TankWar_P5,no configured role token matched
E238,Maler$$PC.update,METHOD,UNKNOWN,0.200,0.050,Maler$$PC,TankWar_P1|TankWar_P2|TankWar_P3|TankWar_P4|TankWar_P5,no configured role token matched
E239,Maler$$PC.getScreenWidth,METHOD,UNKNOWN,0.200,0.050,Maler$$PC,TankWar_P1|TankWar_P2|TankWar_P3|TankWar_P4|TankWar_P5,no configured role token matched
E24,MapInfo.metalWall,FIELD,UNKNOWN,0.200,0.050,MapInfo,TankWar_P1|TankWar_P2|TankWar_P3|TankWar_P4|TankWar_P5,no configured role token matched
E240,Maler$$PC.getScreenHeight,METHOD,UNKNOWN,0.200,0.050,Maler$$PC,TankWar_P1|TankWar_P2|TankWar_P3|TankWar_P4|TankWar_P5,no configured role token matched
E241,Maler$$PC.setColor,METHOD,UNKNOWN,0.200,0.050,Maler$$PC,TankWar_P1|TankWar_P2|TankWar_P3|TankWar_P4|TankWar_P5,no configured role token matched
E242,Maler$$PC.setStatus,METHOD,UNKNOWN,0.200,0.050,Maler$$PC,TankWar_P1|TankWar_P2|TankWar_P3|TankWar_P4|TankWar_P5,no configured role token matched
E243,Maler$$PC.fillOvall,METHOD,UNKNOWN,0.200,0.050,Maler$$PC,TankWar_P1|TankWar_P2|TankWar_P3|TankWar_P4|TankWar_P5,no configured role token matched
E244,Maler$$PC.fillRect,METHOD,UNKNOWN,0.200,0.050,Maler$$PC,TankWar_P1|TankWar_P2|TankWar_P3|TankWar_P4|TankWar_P5,no configured role token matched
E245,Maler$$PC.drawLine,METHOD,UNKNOWN,0.200,0.050,Maler$$PC,TankWar_P1|TankWar_P2|TankWar_P3|TankWar_P4|TankWar_P5,no configured role token matched
E246,Maler$$PC.drawRect,METHOD,UNKNOWN,0.200,0.050,Maler$$PC,TankWar_P1|TankWar_P2|TankWar_P3|TankWar_P4|TankWar_P5,no configured role token matched
E247,Maler$$PC.drawRoundRect,METHOD,UNKNOWN,0.200,0.050,Maler$$PC,TankWar_P1|TankWar_P2|TankWar_P3|TankWar_P4|TankWar_P5,no configured role token matched
E248,Tool,CLASS,UNKNOWN,0.200,0.050,,TankWar_P1|TankWar_P2|TankWar_P3,no configured role token matched
E249,Tool,CLASS,UNKNOWN,0.200,0.050,,TankWar_P4,no configured role token matched
E25,MapInfo.grassWall,FIELD,UNKNOWN,0.200,0.050,MapInfo,TankWar_P1|TankWar_P2|TankWar_P3|TankWar_P4|TankWar_P5,no configured role token matched
E250,Tool,CLASS,UNKNOWN,0.200,0.050,,TankWar_P5,no configured role token matched
E251,Tool.Tool,CONSTRUCTOR,UNKNOWN,0.200,0.050,Tool,TankWar_P1|TankWar_P2|TankWar_P3|TankWar_P4|TankWar_P5,no configured role token matched
E252,Tool.toolMalen,METHOD,UNKNOWN,0.200,0.050,Tool,TankWar_P1|TankWar_P2|TankWar_P3|TankWar_P4|TankWar_P5,no configured role token matched
E253,MalerZeit,CLASS,UNKNOWN,0.200,0.050,,TankWar_P1|TankWar_P2|TankWar_P3|TankWar_P4|TankWar_P5,no configured role token matched
E254,MalerZeit.gameManager,FIELD,UNKNOWN,0.200,0.050,MalerZeit,TankWar_P1|TankWar_P2|TankWar_P3|TankWar_P4|TankWar_P5,no configured role token matched
E255,MalerZeit.MalerZeit,CONSTRUCTOR,UNKNOWN,0.200,0.050,MalerZeit,TankWar_P1|TankWar_P2|TankWar_P3|TankWar_P4|TankWar_P5,no configured role token matched
E256,MalerZeit.run,METHOD,UNKNOWN,0.200,0.050,MalerZeit,TankWar_P1|TankWar_P2|TankWar_P3|TankWar_P4|TankWar_P5,no configured role token matched
E257,GameObject,CLASS,UNKNOWN,0.200,0.050,,TankWar_P1|TankWar_P2|TankWar_P3|TankWar_P4|TankWar_P5,no configured role token matched
E258,GameObject.tankManager,FIELD,UNKNOWN,0.200,0.050,GameObject,TankWar_P1|TankWar_P2|TankWar_P3|TankWar_P4|TankWar_P5,no configured role token matched
E259,GameObject.x_Koe,FIELD,UNKNOWN,0.200,0.050,GameObject,TankWar_P1|TankWar_P2|TankWar_P3|TankWar_P4|TankWar_P5,no configured role token matched
E26,MapInfo.waterWall,FIELD,UNKNOWN,0.200,0.050,MapInfo,TankWar_P1|TankWar_P2|TankWar_P3|TankWar_P4|TankWar_P5,no configured role token matched
E260,GameObject.x_Koordinate,FIELD,UNKNOWN,0.200,0.050,GameObject,TankWar_P1|TankWar_P2|TankWar_P3|TankWar_P4|TankWar_P5,no configured role token matched
E261,GameObject.y_Koe,FIELD,UNKNOWN,0.200,0.050,GameObject,TankWar_P1|TankWar_P2|TankWar_P3|TankWar_P4|TankWar_P5,no configured role token matched
E262,GameObject.y_Koordinate,FIELD,UNKNOWN,0.200,0.050,GameObject,TankWar_P1|TankWar_P2|TankWar_P3|TankWar_P4|TankWar_P5,no configured role token matched
E263,GameObject.colorB,FIELD,UNKNOWN,0.200,0.050,GameObject,TankWar_P1|TankWar_P2|TankWar_P3|TankWar_P4|TankWar_P5,no configured role token matched
E264,GameObject.colorG,FIELD,UNKNOWN,0.200,0.050,GameObject,TankWar_P1|TankWar_P2|TankWar_P3|TankWar_P4|TankWar_P5,no configured role token matched
E265,GameObject.colorR,FIELD,UNKNOWN,0.200,0.050,GameObject,TankWar_P1|TankWar_P2|TankWar_P3|TankWar_P4|TankWar_P5,no configured role token matched
E266,GameObject.objectType,FIELD,UNKNOWN,0.200,0.050,GameObject,TankWar_P1|TankWar_P2|TankWar_P3|TankWar_P4|TankWar_P5,no configured role token matched
E267,GameObject.id,FIELD,UNKNOWN,0.200,0.050,GameObject,TankWar_P1|TankWar_P2|TankWar_P3|TankWar_P4|TankWar_P5,no configured role token matched
E268,GameObject.objHeight,FIELD,UNKNOWN,0.200,0.050,GameObject,TankWar_P1|TankWar_P2|TankWar_P3|TankWar_P4|TankWar_P5,no configured role token matched
E269,GameObject.objHeight_Koe,FIELD,UNKNOWN,0.200,0.050,GameObject,TankWar_P1|TankWar_P2|TankWar_P3|TankWar_P4|TankWar_P5,no configured role token matched
E27,MapInfo.enemyPosition,FIELD,DOMAIN_CORE,0.900,0.050,MapInfo,TankWar_P1|TankWar_P2|TankWar_P3|TankWar_P4|TankWar_P5,matched domain-core token
E270,GameObject.objWidth,FIELD,UNKNOWN,0.200,0.050,GameObject,TankWar_P1|TankWar_P2|TankWar_P3|TankWar_P4|TankWar_P5,no configured role token matched
E271,GameObject.objWidth_Koe,FIELD,UNKNOWN,0.200,0.050,GameObject,TankWar_P1|TankWar_P2|TankWar_P3|TankWar_P4|TankWar_P5,no configured role token matched
E272,GameObject.zerstoerbarKeit,FIELD,UNKNOWN,0.200,0.050,GameObject,TankWar_P1|TankWar_P2|TankWar_P3|TankWar_P4|TankWar_P5,no configured role token matched
E273,GameObject.GameObject,CONSTRUCTOR,UNKNOWN,0.200,0.050,GameObject,TankWar_P1|TankWar_P2|TankWar_P3|TankWar_P4|TankWar_P5,no configured role token matched
E274,GameObject.GameObject,CONSTRUCTOR,UNKNOWN,0.200,0.050,GameObject,TankWar_P1|TankWar_P2|TankWar_P3|TankWar_P4|TankWar_P5,no configured role token matched
E275,GameObject.init,METHOD,UNKNOWN,0.200,0.050,GameObject,TankWar_P1|TankWar_P2|TankWar_P3|TankWar_P4|TankWar_P5,no configured role token matched
E276,GameObject.malen,METHOD,UNKNOWN,0.200,0.050,GameObject,TankWar_P1|TankWar_P2|TankWar_P3|TankWar_P4|TankWar_P5,no configured role token matched
E277,GameObject.stossenGegen,METHOD,UNKNOWN,0.200,0.050,GameObject,TankWar_P1|TankWar_P2|TankWar_P3|TankWar_P4|TankWar_P5,no configured role token matched
E278,GameObject.stossenGegen,METHOD,UNKNOWN,0.200,0.050,GameObject,TankWar_P1|TankWar_P2|TankWar_P3|TankWar_P4|TankWar_P5,no configured role token matched
E279,GameObject.stossenGegen,METHOD,UNKNOWN,0.200,0.050,GameObject,TankWar_P1|TankWar_P2|TankWar_P3|TankWar_P4|TankWar_P5,no configured role token matched
E28,MapInfo.enemyType,FIELD,UNKNOWN,0.200,0.050,MapInfo,TankWar_P1|TankWar_P2|TankWar_P3|TankWar_P4|TankWar_P5,no configured role token matched
E280,GameObject.getRund,METHOD,UNKNOWN,0.200,0.050,GameObject,TankWar_P1|TankWar_P2|TankWar_P3|TankWar_P4|TankWar_P5,no configured role token matched
E281,GameObject.explodieren,METHOD,UNKNOWN,0.200,0.050,GameObject,TankWar_P1|TankWar_P2|TankWar_P3|TankWar_P4|TankWar_P5,no configured role token matched
E282,Maler$$Re_fuer_PC,CLASS,UNKNOWN,0.200,0.050,,TankWar_P1|TankWar_P3|TankWar_P4|TankWar_P5,no configured role token matched
E283,Maler$$Re_fuer_PC.textField,FIELD,UNKNOWN,0.200,0.050,Maler$$Re_fuer_PC,TankWar_P1|TankWar_P3|TankWar_P4|TankWar_P5,no configured role token matched
E284,Maler$$Re_fuer_PC.name,FIELD,UNKNOWN,0.200,0.050,Maler$$Re_fuer_PC,TankWar_P1|TankWar_P3|TankWar_P4|TankWar_P5,no configured role token matched
E285,Maler$$Re_fuer_PC.Maler$$Re_fuer_PC,CONSTRUCTOR,UNKNOWN,0.200,0.050,Maler$$Re_fuer_PC,TankWar_P1|TankWar_P3|TankWar_P4|TankWar_P5,no configured role token matched
E286,Maler$$Re_fuer_PC.note,METHOD,UNKNOWN,0.200,0.050,Maler$$Re_fuer_PC,TankWar_P1|TankWar_P3|TankWar_P4|TankWar_P5,no configured role token matched
E287,Maler$$Re_fuer_PC.nameVergeben,METHOD,UNKNOWN,0.200,0.050,Maler$$Re_fuer_PC,TankWar_P1|TankWar_P3|TankWar_P4|TankWar_P5,no configured role token matched
E288,Maler$$Re_fuer_PC.gameLose,METHOD,UNKNOWN,0.200,0.050,Maler$$Re_fuer_PC,TankWar_P1|TankWar_P3|TankWar_P4|TankWar_P5,no configured role token matched
E289,Maler$$Re_fuer_PC.gameWin,METHOD,UNKNOWN,0.200,0.050,Maler$$Re_fuer_PC,TankWar_P1|TankWar_P3|TankWar_P4|TankWar_P5,no configured role token matched
E29,MapInfo.tankManager,FIELD,UNKNOWN,0.200,0.050,MapInfo,TankWar_P1|TankWar_P2|TankWar_P3|TankWar_P4|TankWar_P5,no configured role token matched
E290,Maler$$Re_fuer_PC.menuBehandeln,METHOD,UNKNOWN,0.200,0.050,Maler$$Re_fuer_PC,TankWar_P1|TankWar_P3|TankWar_P4|TankWar_P5,no configured role token matched
E291,Maler$$Re_fuer_PC.mainMenuerstellen,METHOD,APPLICATION_ORCHESTRATION,0.350,0.200,Maler$$Re_fuer_PC,TankWar_P1|TankWar_P3|TankWar_P4|TankWar_P5,matched orchestration token
E292,Note,CLASS,UNKNOWN,0.200,0.050,,TankWar_P1|TankWar_P3|TankWar_P4|TankWar_P5,no configured role token matched
E293,Note.name,FIELD,UNKNOWN,0.200,0.050,Note,TankWar_P1|TankWar_P3|TankWar_P4|TankWar_P5,no configured role token matched
E294,Note.note,FIELD,UNKNOWN,0.200,0.050,Note,TankWar_P1|TankWar_P3|TankWar_P4|TankWar_P5,no configured role token matched
E295,Note.Note,CONSTRUCTOR,UNKNOWN,0.200,0.050,Note,TankWar_P1|TankWar_P3|TankWar_P4|TankWar_P5,no configured role token matched
E296,GameManager,INTERFACE,UNKNOWN,0.200,0.050,,TankWar_P1|TankWar_P3|TankWar_P4|TankWar_P5,no configured role token matched
E297,GameManager.writeScore,METHOD,UNKNOWN,0.200,0.050,GameManager,TankWar_P1|TankWar_P3|TankWar_P4|TankWar_P5,no configured role token matched
E298,Tank$$Record,CLASS,UNKNOWN,0.200,0.050,,TankWar_P1|TankWar_P3|TankWar_P4|TankWar_P5,no configured role token matched
E299,Tank$$Record.Tank$$Record,CONSTRUCTOR,UNKNOWN,0.200,0.050,Tank$$Record,TankWar_P1|TankWar_P3|TankWar_P4|TankWar_P5,no configured role token matched
E3,Missile$$TankWar.xf_Koordinate,FIELD,UNKNOWN,0.200,0.050,Missile$$TankWar,TankWar_P1|TankWar_P2|TankWar_P3|TankWar_P4|TankWar_P5,no configured role token matched
E30,MapInfo.read,FIELD,UNKNOWN,0.200,0.050,MapInfo,TankWar_P1|TankWar_P2|TankWar_P3|TankWar_P4|TankWar_P5,no configured role token matched
E300,Tank$$Record.explodieren,METHOD,UNKNOWN,0.200,0.050,Tank$$Record,TankWar_P1|TankWar_P3|TankWar_P4|TankWar_P5,no configured role token matched
E301,Record,CLASS,UNKNOWN,0.200,0.050,,TankWar_P1|TankWar_P3|TankWar_P4|TankWar_P5,no configured role token matched
E302,Record.out,FIELD,UNKNOWN,0.200,0.050,Record,TankWar_P1|TankWar_P3|TankWar_P4|TankWar_P5,no configured role token matched
E303,Record.in,FIELD,UNKNOWN,0.200,0.050,Record,TankWar_P1|TankWar_P3|TankWar_P4|TankWar_P5,no configured role token matched
E304,Record.filename,FIELD,UNKNOWN,0.200,0.050,Record,TankWar_P1|TankWar_P3|TankWar_P4|TankWar_P5,no configured role token matched
E305,Record.writeNote,METHOD,UNKNOWN,0.200,0.050,Record,TankWar_P1|TankWar_P3|TankWar_P4|TankWar_P5,no configured role token matched
E306,Record.readNote,METHOD,UNKNOWN,0.200,0.050,Record,TankWar_P1|TankWar_P3|TankWar_P4|TankWar_P5,no configured role token matched
E307,TankManager$$Record,CLASS,UNKNOWN,0.200,0.050,,TankWar_P4,no configured role token matched
E308,TankManager$$Record,CLASS,UNKNOWN,0.200,0.050,,TankWar_P3,no configured role token matched
E309,TankManager,CLASS,UNKNOWN,0.200,0.050,,TankWar_P5,no configured role token matched
E31,MapInfo.mapSize,FIELD,UNKNOWN,0.200,0.050,MapInfo,TankWar_P1|TankWar_P2|TankWar_P3|TankWar_P4|TankWar_P5,no configured role token matched
E310,TankManager,CLASS,UNKNOWN,0.200,0.050,,TankWar_P1,no configured role token matched
E311,TankManager$$Record.record,FIELD,UNKNOWN,0.200,0.050,TankManager$$Record,TankWar_P3|TankWar_P4,no configured role token matched
E312,TankManager.record,FIELD,UNKNOWN,0.200,0.050,TankManager,TankWar_P1|TankWar_P5,no configured role token matched
E313,TankManager$$Record.tank1Score,FIELD,UNKNOWN,0.200,0.050,TankManager$$Record,TankWar_P3|TankWar_P4,no configured role token matched
E314,TankManager.tank1Score,FIELD,UNKNOWN,0.200,0.050,TankManager,TankWar_P1|TankWar_P5,no configured role token matched
E315,TankManager$$Record.tank2Score,FIELD,UNKNOWN,0.200,0.050,TankManager$$Record,TankWar_P3|TankWar_P4,no configured role token matched
E316,TankManager.tank2Score,FIELD,UNKNOWN,0.200,0.050,TankManager,TankWar_P1|TankWar_P5,no configured role token matched
E317,TankManager$$Record.TankManager$$Record,CONSTRUCTOR,UNKNOWN,0.200,0.050,TankManager$$Record,TankWar_P3|TankWar_P4,no configured role token matched
E318,TankManager.TankManager,CONSTRUCTOR,UNKNOWN,0.200,0.050,TankManager,TankWar_P1|TankWar_P5,no configured role token matched
E319,TankManager$$Record.init,METHOD,UNKNOWN,0.200,0.050,TankManager$$Record,TankWar_P3|TankWar_P4,no configured role token matched
E32,MapInfo.playerLocationX,FIELD,UNKNOWN,0.200,0.050,MapInfo,TankWar_P1|TankWar_P2|TankWar_P3|TankWar_P4|TankWar_P5,no configured role token matched
E320,TankManager.init,METHOD,UNKNOWN,0.200,0.050,TankManager,TankWar_P1|TankWar_P5,no configured role token matched
E321,TankManager$$Record.malenkontrolle,METHOD,UNKNOWN,0.200,0.050,TankManager$$Record,TankWar_P3|TankWar_P4,no configured role token matched
E322,TankManager.malenkontrolle,METHOD,UNKNOWN,0.200,0.050,TankManager,TankWar_P1|TankWar_P5,no configured role token matched
E323,TankManager$$Record.addScore,METHOD,UNKNOWN,0.200,0.050,TankManager$$Record,TankWar_P3|TankWar_P4,no configured role token matched
E324,TankManager.addScore,METHOD,UNKNOWN,0.200,0.050,TankManager,TankWar_P1|TankWar_P5,no configured role token matched
E325,TankManager$$Record.writeScore,METHOD,UNKNOWN,0.200,0.050,TankManager$$Record,TankWar_P3|TankWar_P4,no configured role token matched
E326,TankManager.writeScore,METHOD,UNKNOWN,0.200,0.050,TankManager,TankWar_P1|TankWar_P5,no configured role token matched
E327,TankManager$$Feuerkraft,CLASS,UNKNOWN,0.200,0.050,,TankWar_P3,no configured role token matched
E328,TankManager$$Feuerkraft,CLASS,UNKNOWN,0.200,0.050,,TankWar_P5,no configured role token matched
E329,TankManager$$Feuerkraft,CLASS,UNKNOWN,0.200,0.050,,TankWar_P1,no configured role token matched
E33,MapInfo.playerLocationY,FIELD,UNKNOWN,0.200,0.050,MapInfo,TankWar_P1|TankWar_P2|TankWar_P3|TankWar_P4|TankWar_P5,no configured role token matched
E330,TankManager$$Feuerkraft.TankManager$$Feuerkraft,CONSTRUCTOR,UNKNOWN,0.200,0.050,TankManager$$Feuerkraft,TankWar_P1|TankWar_P3|TankWar_P5,no configured role token matched
E331,TankManager$$Feuerkraft.toolsLaden,METHOD,UNKNOWN,0.200,0.050,TankManager$$Feuerkraft,TankWar_P1|TankWar_P3|TankWar_P5,no configured role token matched
E332,TankManager$$Tools,CLASS,UNKNOWN,0.200,0.050,,TankWar_P1|TankWar_P2|TankWar_P3|TankWar_P4|TankWar_P5,no configured role token matched
E333,TankManager$$Tools.toolMenge,FIELD,UNKNOWN,0.200,0.050,TankManager$$Tools,TankWar_P1|TankWar_P2|TankWar_P3|TankWar_P4|TankWar_P5,no configured role token matched
E334,TankManager$$Tools.TankManager$$Tools,CONSTRUCTOR,UNKNOWN,0.200,0.050,TankManager$$Tools,TankWar_P1|TankWar_P2|TankWar_P3|TankWar_P4|TankWar_P5,no configured role token matched
E335,TankManager$$Tools.komponenteMalen,METHOD,UNKNOWN,0.200,0.050,TankManager$$Tools,TankWar_P1|TankWar_P2|TankWar_P3|TankWar_P4|TankWar_P5,no configured role token matched
E336,TankManager$$Tools.toolsLaden,METHOD,UNKNOWN,0.200,0.050,TankManager$$Tools,TankWar_P1|TankWar_P2|TankWar_P3|TankWar_P4|TankWar_P5,no configured role token matched
E337,TankManager$$Tools.toolInit,METHOD,UNKNOWN,0.200,0.050,TankManager$$Tools,TankWar_P1|TankWar_P2|TankWar_P3|TankWar_P4|TankWar_P5,no configured role token matched
E338,TankManager$$Tools.addEnemyTank,METHOD,UNKNOWN,0.200,0.050,TankManager$$Tools,TankWar_P1|TankWar_P2|TankWar_P3|TankWar_P4|TankWar_P5,no configured role token matched
E339,Tank$$Bombe,CLASS,UNKNOWN,0.200,0.050,,TankWar_P5,no configured role token matched
E34,MapInfo.baseLocationX,FIELD,UNKNOWN,0.200,0.050,MapInfo,TankWar_P1|TankWar_P2|TankWar_P3|TankWar_P4|TankWar_P5,no configured role token matched
E340,Tank$$Bombe,CLASS,UNKNOWN,0.200,0.050,,TankWar_P2,no configured role token matched
E341,Tank$$Bombe,CLASS,UNKNOWN,0.200,0.050,,TankWar_P4,no configured role token matched
E342,Tank$$Bombe.Tank$$Bombe,CONSTRUCTOR,UNKNOWN,0.200,0.050,Tank$$Bombe,TankWar_P2|TankWar_P4|TankWar_P5,no configured role token matched
E343,Tank$$Bombe.toolBehandeln,METHOD,UNKNOWN,0.200,0.050,Tank$$Bombe,TankWar_P2|TankWar_P4|TankWar_P5,no configured role token matched
E344,TankManager$$Mars,CLASS,UNKNOWN,0.200,0.050,,TankWar_P1|TankWar_P3,no configured role token matched
E345,TankManager$$Mars,CLASS,UNKNOWN,0.200,0.050,,TankWar_P2,no configured role token matched
E346,TankManager$$Mars.TankManager$$Mars,CONSTRUCTOR,UNKNOWN,0.200,0.050,TankManager$$Mars,TankWar_P1|TankWar_P2|TankWar_P3,no configured role token matched
E347,TankManager$$Mars.toolsLaden,METHOD,UNKNOWN,0.200,0.050,TankManager$$Mars,TankWar_P1|TankWar_P2|TankWar_P3,no configured role token matched
E348,Maler$$einfrieren,CLASS,UNKNOWN,0.200,0.050,,TankWar_P1,no configured role token matched
E349,Maler$$einfrieren,CLASS,UNKNOWN,0.200,0.050,,TankWar_P3,no configured role token matched
E35,MapInfo.baseLocationY,FIELD,UNKNOWN,0.200,0.050,MapInfo,TankWar_P1|TankWar_P2|TankWar_P3|TankWar_P4|TankWar_P5,no configured role token matched
E350,Maler$$einfrieren,CLASS,UNKNOWN,0.200,0.050,,TankWar_P2,no configured role token matched
E351,Maler$$einfrieren.Maler$$einfrieren,CONSTRUCTOR,UNKNOWN,0.200,0.050,Maler$$einfrieren,TankWar_P1|TankWar_P2|TankWar_P3,no configured role token matched
E352,Maler$$einfrieren.helpItemErstellen,METHOD,UNKNOWN,0.200,0.050,Maler$$einfrieren,TankWar_P1|TankWar_P2|TankWar_P3,no configured role token matched
E353,Tool$$Mars,CLASS,UNKNOWN,0.200,0.050,,TankWar_P1|TankWar_P3,no configured role token matched
E354,Tool$$Mars,CLASS,UNKNOWN,0.200,0.050,,TankWar_P2,no configured role token matched
E355,Tool$$Mars.Tool$$Mars,CONSTRUCTOR,UNKNOWN,0.200,0.050,Tool$$Mars,TankWar_P1|TankWar_P2|TankWar_P3,no configured role token matched
E356,Tool$$Mars.init,METHOD,UNKNOWN,0.200,0.050,Tool$$Mars,TankWar_P1|TankWar_P2|TankWar_P3,no configured role token matched
E357,Maler$$Feuerkraft,CLASS,UNKNOWN,0.200,0.050,,TankWar_P3,no configured role token matched
E358,Maler$$Feuerkraft,CLASS,UNKNOWN,0.200,0.050,,TankWar_P1,no configured role token matched
E359,Maler$$Feuerkraft,CLASS,UNKNOWN,0.200,0.050,,TankWar_P5,no configured role token matched
E36,MapInfo.brickWallLocationX,FIELD,UNKNOWN,0.200,0.050,MapInfo,TankWar_P1|TankWar_P2|TankWar_P3|TankWar_P4|TankWar_P5,no configured role token matched
E360,Maler$$Feuerkraft.Maler$$Feuerkraft,CONSTRUCTOR,UNKNOWN,0.200,0.050,Maler$$Feuerkraft,TankWar_P1|TankWar_P3|TankWar_P5,no configured role token matched
E361,Maler$$Feuerkraft.helpItemErstellen,METHOD,UNKNOWN,0.200,0.050,Maler$$Feuerkraft,TankWar_P1|TankWar_P3|TankWar_P5,no configured role token matched
E362,Maler$$Bombe,CLASS,UNKNOWN,0.200,0.050,,TankWar_P4|TankWar_P5,no configured role token matched
E363,Maler$$Bombe,CLASS,UNKNOWN,0.200,0.050,,TankWar_P2,no configured role token matched
E364,Maler$$Bombe.Maler$$Bombe,CONSTRUCTOR,UNKNOWN,0.200,0.050,Maler$$Bombe,TankWar_P2|TankWar_P4|TankWar_P5,no configured role token matched
E365,Maler$$Bombe.helpItemErstellen,METHOD,UNKNOWN,0.200,0.050,Maler$$Bombe,TankWar_P2|TankWar_P4|TankWar_P5,no configured role token matched
E366,TankManager$$einfrieren,CLASS,UNKNOWN,0.200,0.050,,TankWar_P1,no configured role token matched
E367,TankManager$$einfrieren,CLASS,UNKNOWN,0.200,0.050,,TankWar_P3,no configured role token matched
E368,TankManager$$einfrieren,CLASS,UNKNOWN,0.200,0.050,,TankWar_P2,no configured role token matched
E369,TankManager$$einfrieren.TankManager$$einfrieren,CONSTRUCTOR,UNKNOWN,0.200,0.050,TankManager$$einfrieren,TankWar_P1|TankWar_P2|TankWar_P3,no configured role token matched
E37,MapInfo.brickWallLocationY,FIELD,UNKNOWN,0.200,0.050,MapInfo,TankWar_P1|TankWar_P2|TankWar_P3|TankWar_P4|TankWar_P5,no configured role token matched
E370,TankManager$$einfrieren.toolsLaden,METHOD,UNKNOWN,0.200,0.050,TankManager$$einfrieren,TankWar_P1|TankWar_P2|TankWar_P3,no configured role token matched
E371,Maler$$Mars,CLASS,UNKNOWN,0.200,0.050,,TankWar_P1|TankWar_P3,no configured role token matched
E372,Maler$$Mars,CLASS,UNKNOWN,0.200,0.050,,TankWar_P2,no configured role token matched
E373,Maler$$Mars.Maler$$Mars,CONSTRUCTOR,UNKNOWN,0.200,0.050,Maler$$Mars,TankWar_P1|TankWar_P2|TankWar_P3,no configured role token matched
E374,Maler$$Mars.helpItemErstellen,METHOD,UNKNOWN,0.200,0.050,Maler$$Mars,TankWar_P1|TankWar_P2|TankWar_P3,no configured role token matched
E375,TankManager$$Bombe,CLASS,UNKNOWN,0.200,0.050,,TankWar_P4,no configured role token matched
E376,TankManager$$Bombe,CLASS,UNKNOWN,0.200,0.050,,TankWar_P2,no configured role token matched
E377,TankManager$$Bombe,CLASS,UNKNOWN,0.200,0.050,,TankWar_P5,no configured role token matched
E378,TankManager$$Bombe.TankManager$$Bombe,CONSTRUCTOR,UNKNOWN,0.200,0.050,TankManager$$Bombe,TankWar_P2|TankWar_P4|TankWar_P5,no configured role token matched
E379,TankManager$$Bombe.toolsLaden,METHOD,UNKNOWN,0.200,0.050,TankManager$$Bombe,TankWar_P2|TankWar_P4|TankWar_P5,no configured role token matched
E38,MapInfo.brickWallWidth,FIELD,UNKNOWN,0.200,0.050,MapInfo,TankWar_P1|TankWar_P2|TankWar_P3|TankWar_P4|TankWar_P5,no configured role token matched
E380,Tank$$Feuerkraft,CLASS,UNKNOWN,0.200,0.050,,TankWar_P3,no configured role token matched
E381,Tank$$Feuerkraft,CLASS,UNKNOWN,0.200,0.050,,TankWar_P1,no configured role token matched
E382,Tank$$Feuerkraft,CLASS,UNKNOWN,0.200,0.050,,TankWar_P5,no configured role token matched
E383,Tank$$Feuerkraft.feuerkraftTimer,FIELD,UNKNOWN,0.200,0.050,Tank$$Feuerkraft,TankWar_P1|TankWar_P3|TankWar_P5,no configured role token matched
E384,Tank$$Feuerkraft.feuerkraft,FIELD,UNKNOWN,0.200,0.050,Tank$$Feuerkraft,TankWar_P1|TankWar_P3|TankWar_P5,no configured role token matched
E385,Tank$$Feuerkraft.Tank$$Feuerkraft,CONSTRUCTOR,UNKNOWN,0.200,0.050,Tank$$Feuerkraft,TankWar_P1|TankWar_P3|TankWar_P5,no configured role token matched
E386,Tank$$Feuerkraft.toolKontroller,METHOD,UNKNOWN,0.200,0.050,Tank$$Feuerkraft,TankWar_P1|TankWar_P3|TankWar_P5,no configured role token matched
E387,Tank$$Feuerkraft.toolBehandeln,METHOD,UNKNOWN,0.200,0.050,Tank$$Feuerkraft,TankWar_P1|TankWar_P3|TankWar_P5,no configured role token matched
E388,KeyMonitor,CLASS,UNKNOWN,0.200,0.050,,TankWar_P1|TankWar_P2|TankWar_P3|TankWar_P4|TankWar_P5,no configured role token matched
E389,KeyMonitor.gameManager,FIELD,UNKNOWN,0.200,0.050,KeyMonitor,TankWar_P1|TankWar_P2|TankWar_P3|TankWar_P4|TankWar_P5,no configured role token matched
E39,MapInfo.brickWallHeight,FIELD,UNKNOWN,0.200,0.050,MapInfo,TankWar_P1|TankWar_P2|TankWar_P3|TankWar_P4|TankWar_P5,no configured role token matched
E390,KeyMonitor.KeyMonitor,CONSTRUCTOR,UNKNOWN,0.200,0.050,KeyMonitor,TankWar_P1|TankWar_P2|TankWar_P3|TankWar_P4|TankWar_P5,no configured role token matched
E391,KeyMonitor.keyPressed,METHOD,UNKNOWN,0.200,0.050,KeyMonitor,TankWar_P1|TankWar_P2|TankWar_P3|TankWar_P4|TankWar_P5,no configured role token matched
E392,KeyMonitor.keyReleased,METHOD,UNKNOWN,0.200,0.050,KeyMonitor,TankWar_P1|TankWar_P2|TankWar_P3|TankWar_P4|TankWar_P5,no configured role token matched
E393,KeyMonitor.keyTyped,METHOD,UNKNOWN,0.200,0.050,KeyMonitor,TankWar_P1|TankWar_P2|TankWar_P3|TankWar_P4|TankWar_P5,no configured role token matched
E394,Maler$$M_600,CLASS,UNKNOWN,0.200,0.050,,TankWar_P4,no configured role token matched
E395,Maler$$M_600,CLASS,UNKNOWN,0.200,0.050,,TankWar_P5,no configured role token matched
E396,Maler$$M_600,CLASS,UNKNOWN,0.200,0.050,,TankWar_P1,no configured role token matched
E397,Maler$$M_600.Maler$$M_600,CONSTRUCTOR,UNKNOWN,0.200,0.050,Maler$$M_600,TankWar_P1|TankWar_P4|TankWar_P5,no configured role token matched
E398,Maler$$M_600.gamesize,METHOD,UNKNOWN,0.200,0.050,Maler$$M_600,TankWar_P1|TankWar_P4|TankWar_P5,no configured role token matched
E399,Tank$$Mars,CLASS,UNKNOWN,0.200,0.050,,TankWar_P2,no configured role token matched
E4,Missile$$TankWar.yf_Koordinate,FIELD,UNKNOWN,0.200,0.050,Missile$$TankWar,TankWar_P1|TankWar_P2|TankWar_P3|TankWar_P4|TankWar_P5,no configured role token matched
E40,MapInfo.metalWallLocationX,FIELD,UNKNOWN,0.200,0.050,MapInfo,TankWar_P1|TankWar_P2|TankWar_P3|TankWar_P4|TankWar_P5,no configured role token matched
E400,Tank$$Mars,CLASS,UNKNOWN,0.200,0.050,,TankWar_P3,no configured role token matched
E401,Tank$$Mars,CLASS,UNKNOWN,0.200,0.050,,TankWar_P1,no configured role token matched
E402,Tank$$Mars.mars,FIELD,UNKNOWN,0.200,0.050,Tank$$Mars,TankWar_P1|TankWar_P2|TankWar_P3,no configured role token matched
E403,Tank$$Mars.marsTimer,FIELD,UNKNOWN,0.200,0.050,Tank$$Mars,TankWar_P1|TankWar_P2|TankWar_P3,no configured role token matched
E404,Tank$$Mars.Tank$$Mars,CONSTRUCTOR,UNKNOWN,0.200,0.050,Tank$$Mars,TankWar_P1|TankWar_P2|TankWar_P3,no configured role token matched
E405,Tank$$Mars.toolKontroller,METHOD,UNKNOWN,0.200,0.050,Tank$$Mars,TankWar_P1|TankWar_P2|TankWar_P3,no configured role token matched
E406,Tank$$Mars.toolBehandeln,METHOD,UNKNOWN,0.200,0.050,Tank$$Mars,TankWar_P1|TankWar_P2|TankWar_P3,no configured role token matched
E407,Tank$$Mars.beschaedigen,METHOD,UNKNOWN,0.200,0.050,Tank$$Mars,TankWar_P1|TankWar_P2|TankWar_P3,no configured role token matched
E408,Tool$$Bombe,CLASS,UNKNOWN,0.200,0.050,,TankWar_P4|TankWar_P5,no configured role token matched
E409,Tool$$Bombe,CLASS,UNKNOWN,0.200,0.050,,TankWar_P2,no configured role token matched
E41,MapInfo.metalWallLocationY,FIELD,UNKNOWN,0.200,0.050,MapInfo,TankWar_P1|TankWar_P2|TankWar_P3|TankWar_P4|TankWar_P5,no configured role token matched
E410,Tool$$Bombe.Tool$$Bombe,CONSTRUCTOR,UNKNOWN,0.200,0.050,Tool$$Bombe,TankWar_P2|TankWar_P4|TankWar_P5,no configured role token matched
E411,Tool$$Bombe.init,METHOD,UNKNOWN,0.200,0.050,Tool$$Bombe,TankWar_P2|TankWar_P4|TankWar_P5,no configured role token matched
E412,Tool$$Feuerkraft,CLASS,UNKNOWN,0.200,0.050,,TankWar_P5,no configured role token matched
E413,Tool$$Feuerkraft,CLASS,UNKNOWN,0.200,0.050,,TankWar_P3,no configured role token matched
E414,Tool$$Feuerkraft,CLASS,UNKNOWN,0.200,0.050,,TankWar_P1,no configured role token matched
E415,Tool$$Feuerkraft.Tool$$Feuerkraft,CONSTRUCTOR,UNKNOWN,0.200,0.050,Tool$$Feuerkraft,TankWar_P1|TankWar_P3|TankWar_P5,no configured role token matched
E416,Tool$$Feuerkraft.init,METHOD,UNKNOWN,0.200,0.050,Tool$$Feuerkraft,TankWar_P1|TankWar_P3|TankWar_P5,no configured role token matched
E417,Tool$$einfrieren,CLASS,UNKNOWN,0.200,0.050,,TankWar_P1,no configured role token matched
E418,Tool$$einfrieren,CLASS,UNKNOWN,0.200,0.050,,TankWar_P2|TankWar_P3,no configured role token matched
E419,Tool$$einfrieren.Tool$$einfrieren,CONSTRUCTOR,UNKNOWN,0.200,0.050,Tool$$einfrieren,TankWar_P1|TankWar_P2|TankWar_P3,no configured role token matched
E42,MapInfo.metalWallWidth,FIELD,UNKNOWN,0.200,0.050,MapInfo,TankWar_P1|TankWar_P2|TankWar_P3|TankWar_P4|TankWar_P5,no configured role token matched
E420,Tool$$einfrieren.init,METHOD,UNKNOWN,0.200,0.050,Tool$$einfrieren,TankWar_P1|TankWar_P2|TankWar_P3,no configured role token matched
E421,Missile$$Image,CLASS,UNKNOWN,0.200,0.050,,TankWar_P2|TankWar_P4,no configured role token matched
E422,Missile$$Image,CLASS,UNKNOWN,0.200,0.050,,TankWar_P3,no configured role token matched
E423,Missile$$Image.Missile$$Image,CONSTRUCTOR,UNKNOWN,0.200,0.050,Missile$$Image,TankWar_P2|TankWar_P3|TankWar_P4,no configured role token matched
E424,Missile$$Image.malen,METHOD,UNKNOWN,0.200,0.050,Missile$$Image,TankWar_P2|TankWar_P3|TankWar_P4,no configured role token matched
E425,Tank$$einfrieren,CLASS,UNKNOWN,0.200,0.050,,TankWar_P1,no configured role token matched
E426,Tank$$einfrieren,CLASS,UNKNOWN,0.200,0.050,,TankWar_P2|TankWar_P3,no configured role token matched
E427,Tank$$einfrieren.einfrierenTimer,FIELD,UNKNOWN,0.200,0.050,Tank$$einfrieren,TankWar_P1|TankWar_P2|TankWar_P3,no configured role token matched
E428,Tank$$einfrieren.einfrieren,FIELD,UNKNOWN,0.200,0.050,Tank$$einfrieren,TankWar_P1|TankWar_P2|TankWar_P3,no configured role token matched
E429,Tank$$einfrieren.Tank$$einfrieren,CONSTRUCTOR,UNKNOWN,0.200,0.050,Tank$$einfrieren,TankWar_P1|TankWar_P2|TankWar_P3,no configured role token matched
E43,MapInfo.metalWallHeight,FIELD,UNKNOWN,0.200,0.050,MapInfo,TankWar_P1|TankWar_P2|TankWar_P3|TankWar_P4|TankWar_P5,no configured role token matched
E430,Tank$$einfrieren.toolKontroller,METHOD,UNKNOWN,0.200,0.050,Tank$$einfrieren,TankWar_P1|TankWar_P2|TankWar_P3,no configured role token matched
E431,Tank$$einfrieren.toolBehandeln,METHOD,UNKNOWN,0.200,0.050,Tank$$einfrieren,TankWar_P1|TankWar_P2|TankWar_P3,no configured role token matched
E432,SoundPlayer,CLASS,UNKNOWN,0.200,0.050,,TankWar_P2|TankWar_P3|TankWar_P4,no configured role token matched
E433,SoundPlayer.instance,FIELD,UNKNOWN,0.200,0.050,SoundPlayer,TankWar_P2|TankWar_P3|TankWar_P4,no configured role token matched
E434,SoundPlayer.inputStream,FIELD,INFRASTRUCTURE,0.150,0.050,SoundPlayer,TankWar_P2|TankWar_P3|TankWar_P4,matched infrastructure token
E435,SoundPlayer.getInstance,METHOD,UNKNOWN,0.200,0.050,SoundPlayer,TankWar_P2|TankWar_P3|TankWar_P4,no configured role token matched
E436,SoundPlayer.playBgSound,METHOD,UNKNOWN,0.200,0.050,SoundPlayer,TankWar_P2|TankWar_P3|TankWar_P4,no configured role token matched
E437,SoundPlayer.playFireSound,METHOD,UNKNOWN,0.200,0.050,SoundPlayer,TankWar_P2|TankWar_P3|TankWar_P4,no configured role token matched
E438,SoundPlayer.playExplodeSound,METHOD,UNKNOWN,0.200,0.050,SoundPlayer,TankWar_P2|TankWar_P3|TankWar_P4,no configured role token matched
E439,SoundPlayer.playMoveSound,METHOD,UNKNOWN,0.200,0.050,SoundPlayer,TankWar_P2|TankWar_P3|TankWar_P4,no configured role token matched
E44,MapInfo.grassWallLocationX,FIELD,UNKNOWN,0.200,0.050,MapInfo,TankWar_P1|TankWar_P2|TankWar_P3|TankWar_P4|TankWar_P5,no configured role token matched
E440,SoundPlayer.playRogerSound,METHOD,UNKNOWN,0.200,0.050,SoundPlayer,TankWar_P2|TankWar_P3|TankWar_P4,no configured role token matched
E441,SoundPlayer.playYessirSound,METHOD,UNKNOWN,0.200,0.050,SoundPlayer,TankWar_P2|TankWar_P3|TankWar_P4,no configured role token matched
E442,SoundPlayer.playYeahSound,METHOD,UNKNOWN,0.200,0.050,SoundPlayer,TankWar_P2|TankWar_P3|TankWar_P4,no configured role token matched
E443,SoundPlayer.playEatSound,METHOD,UNKNOWN,0.200,0.050,SoundPlayer,TankWar_P2|TankWar_P3|TankWar_P4,no configured role token matched
E444,SoundPlayer.stopSound,METHOD,UNKNOWN,0.200,0.050,SoundPlayer,TankWar_P2|TankWar_P3|TankWar_P4,no configured role token matched
E445,Tank$$Sound_fuer_pc,CLASS,UNKNOWN,0.200,0.050,,TankWar_P2,no configured role token matched
E446,Tank$$Sound_fuer_pc,CLASS,UNKNOWN,0.200,0.050,,TankWar_P3|TankWar_P4,no configured role token matched
E447,Tank$$Sound_fuer_pc.Tank$$Sound_fuer_pc,CONSTRUCTOR,UNKNOWN,0.200,0.050,Tank$$Sound_fuer_pc,TankWar_P2|TankWar_P3|TankWar_P4,no configured role token matched
E448,Tank$$Sound_fuer_pc.keyPressBehandeln,METHOD,UNKNOWN,0.200,0.050,Tank$$Sound_fuer_pc,TankWar_P2|TankWar_P3|TankWar_P4,no configured role token matched
E449,Tank$$Sound_fuer_pc.explodieren,METHOD,UNKNOWN,0.200,0.050,Tank$$Sound_fuer_pc,TankWar_P2|TankWar_P3|TankWar_P4,no configured role token matched
E45,MapInfo.grassWallLocationY,FIELD,UNKNOWN,0.200,0.050,MapInfo,TankWar_P1|TankWar_P2|TankWar_P3|TankWar_P4|TankWar_P5,no configured role token matched
E450,Tank$$Sound_fuer_pc.toolBehandeln,METHOD,UNKNOWN,0.200,0.050,Tank$$Sound_fuer_pc,TankWar_P2|TankWar_P3|TankWar_P4,no configured role token matched
E451,ExplodierenEffekt$$explodieren,CLASS,UNKNOWN,0.200,0.050,,TankWar_P3|TankWar_P5,no configured role token matched
E452,ExplodierenEffekt$$explodieren.i,FIELD,UNKNOWN,0.200,0.050,ExplodierenEffekt$$explodieren,TankWar_P3|TankWar_P5,no configured role token matched
E453,ExplodierenEffekt$$explodieren.x,FIELD,UNKNOWN,0.200,0.050,ExplodierenEffekt$$explodieren,TankWar_P3|TankWar_P5,no configured role token matched
E454,ExplodierenEffekt$$explodieren.y,FIELD,UNKNOWN,0.200,0.050,ExplodierenEffekt$$explodieren,TankWar_P3|TankWar_P5,no configured role token matched
E455,ExplodierenEffekt$$explodieren.koernigKeit,FIELD,UNKNOWN,0.200,0.050,ExplodierenEffekt$$explodieren,TankWar_P3|TankWar_P5,no configured role token matched
E456,ExplodierenEffekt$$explodieren.step,FIELD,UNKNOWN,0.200,0.050,ExplodierenEffekt$$explodieren,TankWar_P3|TankWar_P5,no configured role token matched
E457,ExplodierenEffekt$$explodieren.ExplodierenEffekt$$explodieren,CONSTRUCTOR,UNKNOWN,0.200,0.050,ExplodierenEffekt$$explodieren,TankWar_P3|TankWar_P5,no configured role token matched
E458,ExplodierenEffekt$$explodieren.init,METHOD,UNKNOWN,0.200,0.050,ExplodierenEffekt$$explodieren,TankWar_P3|TankWar_P5,no configured role token matched
E459,ExplodierenEffekt$$explodieren.malen,METHOD,UNKNOWN,0.200,0.050,ExplodierenEffekt$$explodieren,TankWar_P3|TankWar_P5,no configured role token matched
E46,MapInfo.grassWallWidth,FIELD,UNKNOWN,0.200,0.050,MapInfo,TankWar_P1|TankWar_P2|TankWar_P3|TankWar_P4|TankWar_P5,no configured role token matched
E460,ExplodierenEffekt$$explodieren.fillTriangle,METHOD,UNKNOWN,0.200,0.050,ExplodierenEffekt$$explodieren,TankWar_P3|TankWar_P5,no configured role token matched
E461,ExplodierenEffekt$$explodieren.explodieren,METHOD,UNKNOWN,0.200,0.050,ExplodierenEffekt$$explodieren,TankWar_P3|TankWar_P5,no configured role token matched
E462,Wall,CLASS,UNKNOWN,0.200,0.050,,TankWar_P1|TankWar_P2|TankWar_P3|TankWar_P4|TankWar_P5,no configured role token matched
E463,Wall.Wall,CONSTRUCTOR,UNKNOWN,0.200,0.050,Wall,TankWar_P1|TankWar_P2|TankWar_P3|TankWar_P4|TankWar_P5,no configured role token matched
E464,Wall.malen,METHOD,UNKNOWN,0.200,0.050,Wall,TankWar_P1|TankWar_P2|TankWar_P3|TankWar_P4|TankWar_P5,no configured role token matched
E465,TankManager$$Energie,CLASS,UNKNOWN,0.200,0.050,,TankWar_P4,no configured role token matched
E466,TankManager$$Energie,CLASS,UNKNOWN,0.200,0.050,,TankWar_P1,no configured role token matched
E467,TankManager$$Energie.TankManager$$Energie,CONSTRUCTOR,UNKNOWN,0.200,0.050,TankManager$$Energie,TankWar_P1|TankWar_P4,no configured role token matched
E468,TankManager$$Energie.toolsLaden,METHOD,UNKNOWN,0.200,0.050,TankManager$$Energie,TankWar_P1|TankWar_P4,no configured role token matched
E469,Maler$$USA_M1Abrams,CLASS,UNKNOWN,0.200,0.050,,TankWar_P2,no configured role token matched
E47,MapInfo.grassWallHeight,FIELD,UNKNOWN,0.200,0.050,MapInfo,TankWar_P1|TankWar_P2|TankWar_P3|TankWar_P4|TankWar_P5,no configured role token matched
E470,Maler$$USA_M1Abrams,CLASS,UNKNOWN,0.200,0.050,,TankWar_P1,no configured role token matched
E471,Maler$$USA_M1Abrams.Maler$$USA_M1Abrams,CONSTRUCTOR,UNKNOWN,0.200,0.050,Maler$$USA_M1Abrams,TankWar_P1|TankWar_P2,no configured role token matched
E472,Maler$$USA_M1Abrams.tankErstellen,METHOD,UNKNOWN,0.200,0.050,Maler$$USA_M1Abrams,TankWar_P1|TankWar_P2,no configured role token matched
E473,Tank$$Beschleunigung,CLASS,UNKNOWN,0.200,0.050,,TankWar_P2|TankWar_P3,no configured role token matched
E474,Tank$$Beschleunigung.beschleunigungTimer,FIELD,UNKNOWN,0.200,0.050,Tank$$Beschleunigung,TankWar_P2|TankWar_P3,no configured role token matched
E475,Tank$$Beschleunigung.beschleunigung,FIELD,UNKNOWN,0.200,0.050,Tank$$Beschleunigung,TankWar_P2|TankWar_P3,no configured role token matched
E476,Tank$$Beschleunigung.Tank$$Beschleunigung,CONSTRUCTOR,UNKNOWN,0.200,0.050,Tank$$Beschleunigung,TankWar_P2|TankWar_P3,no configured role token matched
E477,Tank$$Beschleunigung.toolKontroller,METHOD,UNKNOWN,0.200,0.050,Tank$$Beschleunigung,TankWar_P2|TankWar_P3,no configured role token matched
E478,Tank$$Beschleunigung.toolBehandeln,METHOD,UNKNOWN,0.200,0.050,Tank$$Beschleunigung,TankWar_P2|TankWar_P3,no configured role token matched
E479,Tank$$Energie,CLASS,UNKNOWN,0.200,0.050,,TankWar_P4,no configured role token matched
E48,MapInfo.waterWallLocationX,FIELD,UNKNOWN,0.200,0.050,MapInfo,TankWar_P1|TankWar_P2|TankWar_P3|TankWar_P4|TankWar_P5,no configured role token matched
E480,Tank$$Energie,CLASS,UNKNOWN,0.200,0.050,,TankWar_P1,no configured role token matched
E481,Tank$$Energie.Tank$$Energie,CONSTRUCTOR,UNKNOWN,0.200,0.050,Tank$$Energie,TankWar_P1|TankWar_P4,no configured role token matched
E482,Tank$$Energie.toolBehandeln,METHOD,UNKNOWN,0.200,0.050,Tank$$Energie,TankWar_P1|TankWar_P4,no configured role token matched
E483,TankManager$$explodieren,CLASS,UNKNOWN,0.200,0.050,,TankWar_P3,no configured role token matched
E484,TankManager$$explodieren,CLASS,UNKNOWN,0.200,0.050,,TankWar_P5,no configured role token matched
E485,TankManager$$explodieren.expEffekt,FIELD,UNKNOWN,0.200,0.050,TankManager$$explodieren,TankWar_P3|TankWar_P5,no configured role token matched
E486,TankManager$$explodieren.TankManager$$explodieren,CONSTRUCTOR,UNKNOWN,0.200,0.050,TankManager$$explodieren,TankWar_P3|TankWar_P5,no configured role token matched
E487,TankManager$$explodieren.komponenteMalen,METHOD,UNKNOWN,0.200,0.050,TankManager$$explodieren,TankWar_P3|TankWar_P5,no configured role token matched
E488,ExplodierenEffekt,CLASS,UNKNOWN,0.200,0.050,,TankWar_P3|TankWar_P5,no configured role token matched
E489,ExplodierenEffekt.init,FIELD,UNKNOWN,0.200,0.050,ExplodierenEffekt,TankWar_P3|TankWar_P5,no configured role token matched
E49,MapInfo.waterWallLocationY,FIELD,UNKNOWN,0.200,0.050,MapInfo,TankWar_P1|TankWar_P2|TankWar_P3|TankWar_P4|TankWar_P5,no configured role token matched
E490,ExplodierenEffekt.live,FIELD,UNKNOWN,0.200,0.050,ExplodierenEffekt,TankWar_P3|TankWar_P5,no configured role token matched
E491,ExplodierenEffekt.step,FIELD,UNKNOWN,0.200,0.050,ExplodierenEffekt,TankWar_P3|TankWar_P5,no configured role token matched
E492,ExplodierenEffekt.ExplodierenEffekt,CONSTRUCTOR,UNKNOWN,0.200,0.050,ExplodierenEffekt,TankWar_P3|TankWar_P5,no configured role token matched
E493,ExplodierenEffekt.malen,METHOD,UNKNOWN,0.200,0.050,ExplodierenEffekt,TankWar_P3|TankWar_P5,no configured role token matched
E494,Maler$$Beschleunigung,CLASS,UNKNOWN,0.200,0.050,,TankWar_P2|TankWar_P3,no configured role token matched
E495,Maler$$Beschleunigung.Maler$$Beschleunigung,CONSTRUCTOR,UNKNOWN,0.200,0.050,Maler$$Beschleunigung,TankWar_P2|TankWar_P3,no configured role token matched
E496,Maler$$Beschleunigung.helpItemErstellen,METHOD,UNKNOWN,0.200,0.050,Maler$$Beschleunigung,TankWar_P2|TankWar_P3,no configured role token matched
E497,Tool$$Energie,CLASS,UNKNOWN,0.200,0.050,,TankWar_P1,no configured role token matched
E498,Tool$$Energie,CLASS,UNKNOWN,0.200,0.050,,TankWar_P4,no configured role token matched
E499,Tool$$Energie.Tool$$Energie,CONSTRUCTOR,UNKNOWN,0.200,0.050,Tool$$Energie,TankWar_P1|TankWar_P4,no configured role token matched
E5,Missile$$TankWar.currTime,FIELD,UNKNOWN,0.200,0.050,Missile$$TankWar,TankWar_P1|TankWar_P2|TankWar_P3|TankWar_P4|TankWar_P5,no configured role token matched
E50,MapInfo.waterWallWidth,FIELD,UNKNOWN,0.200,0.050,MapInfo,TankWar_P1|TankWar_P2|TankWar_P3|TankWar_P4|TankWar_P5,no configured role token matched
E500,Tool$$Energie.init,METHOD,UNKNOWN,0.200,0.050,Tool$$Energie,TankWar_P1|TankWar_P4,no configured role token matched
E501,Tank$$explodieren,CLASS,UNKNOWN,0.200,0.050,,TankWar_P3,no configured role token matched
E502,Tank$$explodieren,CLASS,UNKNOWN,0.200,0.050,,TankWar_P5,no configured role token matched
E503,Tank$$explodieren.Tank$$explodieren,CONSTRUCTOR,UNKNOWN,0.200,0.050,Tank$$explodieren,TankWar_P3|TankWar_P5,no configured role token matched
E504,Tank$$explodieren.explodieren,METHOD,UNKNOWN,0.200,0.050,Tank$$explodieren,TankWar_P3|TankWar_P5,no configured role token matched
E505,TankManager$$Beschleunigung,CLASS,UNKNOWN,0.200,0.050,,TankWar_P2|TankWar_P3,no configured role token matched
E506,TankManager$$Beschleunigung.TankManager$$Beschleunigung,CONSTRUCTOR,UNKNOWN,0.200,0.050,TankManager$$Beschleunigung,TankWar_P2|TankWar_P3,no configured role token matched
E507,TankManager$$Beschleunigung.toolsLaden,METHOD,UNKNOWN,0.200,0.050,TankManager$$Beschleunigung,TankWar_P2|TankWar_P3,no configured role token matched
E508,Maler,CLASS,UNKNOWN,0.200,0.050,,TankWar_P3,no configured role token matched
E509,Maler,CLASS,UNKNOWN,0.200,0.050,,TankWar_P1,no configured role token matched
E51,MapInfo.waterWallHeight,FIELD,UNKNOWN,0.200,0.050,MapInfo,TankWar_P1|TankWar_P2|TankWar_P3|TankWar_P4|TankWar_P5,no configured role token matched
E510,Maler,CLASS,UNKNOWN,0.200,0.050,,TankWar_P2,no configured role token matched
E511,Maler,CLASS,UNKNOWN,0.200,0.050,,TankWar_P4|TankWar_P5,no configured role token matched
E512,Maler.Maler,CONSTRUCTOR,UNKNOWN,0.200,0.050,Maler,TankWar_P1|TankWar_P2|TankWar_P3|TankWar_P4|TankWar_P5,no configured role token matched
E513,Maler.tankErstellen,METHOD,UNKNOWN,0.200,0.050,Maler,TankWar_P1|TankWar_P2|TankWar_P3|TankWar_P4|TankWar_P5,no configured role token matched
E514,Tool$$Beschleunigung,CLASS,UNKNOWN,0.200,0.050,,TankWar_P2|TankWar_P3,no configured role token matched
E515,Tool$$Beschleunigung.Tool$$Beschleunigung,CONSTRUCTOR,UNKNOWN,0.200,0.050,Tool$$Beschleunigung,TankWar_P2|TankWar_P3,no configured role token matched
E516,Tool$$Beschleunigung.init,METHOD,UNKNOWN,0.200,0.050,Tool$$Beschleunigung,TankWar_P2|TankWar_P3,no configured role token matched
E517,Maler$$Germany_Leopard,CLASS,UNKNOWN,0.200,0.050,,TankWar_P3,no configured role token matched
E518,Maler$$Germany_Leopard,CLASS,UNKNOWN,0.200,0.050,,TankWar_P2,no configured role token matched
E519,Maler$$Germany_Leopard.Maler$$Germany_Leopard,CONSTRUCTOR,UNKNOWN,0.200,0.050,Maler$$Germany_Leopard,TankWar_P2|TankWar_P3,no configured role token matched
E52,MapInfo.enemyLocation,FIELD,UNKNOWN,0.200,0.050,MapInfo,TankWar_P1|TankWar_P2|TankWar_P3|TankWar_P4|TankWar_P5,no configured role token matched
E520,Maler$$Germany_Leopard.tankErstellen,METHOD,UNKNOWN,0.200,0.050,Maler$$Germany_Leopard,TankWar_P2|TankWar_P3,no configured role token matched
E521,Maler$$Energie,CLASS,UNKNOWN,0.200,0.050,,TankWar_P1,no configured role token matched
E522,Maler$$Energie,CLASS,UNKNOWN,0.200,0.050,,TankWar_P4,no configured role token matched
E523,Maler$$Energie.Maler$$Energie,CONSTRUCTOR,UNKNOWN,0.200,0.050,Maler$$Energie,TankWar_P1|TankWar_P4,no configured role token matched
E524,Maler$$Energie.helpItemErstellen,METHOD,UNKNOWN,0.200,0.050,Maler$$Energie,TankWar_P1|TankWar_P4,no configured role token matched
E525,ExplodierenEffekt$$TankWar,CLASS,UNKNOWN,0.200,0.050,,TankWar_P3|TankWar_P5,no configured role token matched
E526,Missile$$explodieren,CLASS,UNKNOWN,0.200,0.050,,TankWar_P3|TankWar_P5,no configured role token matched
E527,Missile$$explodieren.Missile$$explodieren,CONSTRUCTOR,UNKNOWN,0.200,0.050,Missile$$explodieren,TankWar_P3|TankWar_P5,no configured role token matched
E528,Missile$$explodieren.explodieren,METHOD,UNKNOWN,0.200,0.050,Missile$$explodieren,TankWar_P3|TankWar_P5,no configured role token matched
E529,Tank,CLASS,UNKNOWN,0.200,0.050,,TankWar_P3,no configured role token matched
E53,MapInfo.enemyAllNr,FIELD,UNKNOWN,0.200,0.050,MapInfo,TankWar_P1|TankWar_P2|TankWar_P3|TankWar_P4|TankWar_P5,no configured role token matched
E530,Tank.Tank,CONSTRUCTOR,UNKNOWN,0.200,0.050,Tank,TankWar_P3,no configured role token matched
E531,Tank.tankFeindKI,METHOD,UNKNOWN,0.200,0.050,Tank,TankWar_P3,no configured role token matched
E532,Maler$$M_240,CLASS,UNKNOWN,0.200,0.050,,TankWar_P3,no configured role token matched
E533,Maler$$M_240.Maler$$M_240,CONSTRUCTOR,UNKNOWN,0.200,0.050,Maler$$M_240,TankWar_P3,no configured role token matched
E534,Maler$$M_240.gamesize,METHOD,UNKNOWN,0.200,0.050,Maler$$M_240,TankWar_P3,no configured role token matched
E535,Sprach,CLASS,UNKNOWN,0.200,0.050,,TankWar_P4,no configured role token matched
E536,Sprach.START,FIELD,UNKNOWN,0.200,0.050,Sprach,TankWar_P4,no configured role token matched
E537,Sprach.HELP,FIELD,UNKNOWN,0.200,0.050,Sprach,TankWar_P4,no configured role token matched
E538,Sprach.HelpItem,FIELD,UNKNOWN,0.200,0.050,Sprach,TankWar_P4,no configured role token matched
E539,Sprach.EXIT,FIELD,UNKNOWN,0.200,0.050,Sprach,TankWar_P4,no configured role token matched
E54,MapInfo.enemyMaxNr,FIELD,UNKNOWN,0.200,0.050,MapInfo,TankWar_P1|TankWar_P2|TankWar_P3|TankWar_P4|TankWar_P5,no configured role token matched
E540,Sprach.LIAN_WANG,FIELD,UNKNOWN,0.200,0.050,Sprach,TankWar_P4,no configured role token matched
E541,Sprach.RESUME,FIELD,UNKNOWN,0.200,0.050,Sprach,TankWar_P4,no configured role token matched
E542,Sprach.NOTE,FIELD,UNKNOWN,0.200,0.050,Sprach,TankWar_P4,no configured role token matched
E543,Sprach.MAIN_MENU,FIELD,APPLICATION_ORCHESTRATION,0.350,0.200,Sprach,TankWar_P4,matched orchestration token
E544,Sprach.PAUSE,FIELD,UNKNOWN,0.200,0.050,Sprach,TankWar_P4,no configured role token matched
E545,Sprach.HNOTE,FIELD,UNKNOWN,0.200,0.050,Sprach,TankWar_P4,no configured role token matched
E546,Sprach.Name,FIELD,UNKNOWN,0.200,0.050,Sprach,TankWar_P4,no configured role token matched
E547,Sprach.LOSE,FIELD,UNKNOWN,0.200,0.050,Sprach,TankWar_P4,no configured role token matched
E548,Sprach.LEVEL,FIELD,UNKNOWN,0.200,0.050,Sprach,TankWar_P4,no configured role token matched
E549,Sprach.WIN,FIELD,UNKNOWN,0.200,0.050,Sprach,TankWar_P4,no configured role token matched
E55,MapInfo.enemyTy,FIELD,UNKNOWN,0.200,0.050,MapInfo,TankWar_P1|TankWar_P2|TankWar_P3|TankWar_P4|TankWar_P5,no configured role token matched
E550,Sprach.TANKA,FIELD,UNKNOWN,0.200,0.050,Sprach,TankWar_P4,no configured role token matched
E551,Sprach.TANKB,FIELD,UNKNOWN,0.200,0.050,Sprach,TankWar_P4,no configured role token matched
E552,Sprach.TANKC,FIELD,UNKNOWN,0.200,0.050,Sprach,TankWar_P4,no configured role token matched
E553,Missile,CLASS,UNKNOWN,0.200,0.050,,TankWar_P4,no configured role token matched
E554,Missile.Missile,CONSTRUCTOR,UNKNOWN,0.200,0.050,Missile,TankWar_P4,no configured role token matched
E555,Missile.init,METHOD,UNKNOWN,0.200,0.050,Missile,TankWar_P4,no configured role token matched
E556,Tank,CLASS,UNKNOWN,0.200,0.050,,TankWar_P4,no configured role token matched
E557,Tank.Tank,CONSTRUCTOR,UNKNOWN,0.200,0.050,Tank,TankWar_P4,no configured role token matched
E558,Tank.tankFeindKI,METHOD,UNKNOWN,0.200,0.050,Tank,TankWar_P4,no configured role token matched
E559,Wall$$TankWar,CLASS,UNKNOWN,0.200,0.050,,TankWar_P1|TankWar_P2|TankWar_P3|TankWar_P4|TankWar_P5,no configured role token matched
E56,MapInfo.MapInfo,CONSTRUCTOR,UNKNOWN,0.200,0.050,MapInfo,TankWar_P1|TankWar_P2|TankWar_P3|TankWar_P4|TankWar_P5,no configured role token matched
E560,Wall$$TankWar.koernigGroesse,FIELD,UNKNOWN,0.200,0.050,Wall$$TankWar,TankWar_P1|TankWar_P2|TankWar_P3|TankWar_P4|TankWar_P5,no configured role token matched
E561,Wall$$TankWar.wallTeile,FIELD,UNKNOWN,0.200,0.050,Wall$$TankWar,TankWar_P1|TankWar_P2|TankWar_P3|TankWar_P4|TankWar_P5,no configured role token matched
E562,Wall$$TankWar.Wall$$TankWar,CONSTRUCTOR,UNKNOWN,0.200,0.050,Wall$$TankWar,TankWar_P1|TankWar_P2|TankWar_P3|TankWar_P4|TankWar_P5,no configured role token matched
E563,Wall$$TankWar.init,METHOD,UNKNOWN,0.200,0.050,Wall$$TankWar,TankWar_P1|TankWar_P2|TankWar_P3|TankWar_P4|TankWar_P5,no configured role token matched
E564,Wall$$TankWar.malen,METHOD,UNKNOWN,0.200,0.050,Wall$$TankWar,TankWar_P1|TankWar_P2|TankWar_P3|TankWar_P4|TankWar_P5,no configured role token matched
E565,Wall$$TankWar.stossenGegen,METHOD,UNKNOWN,0.200,0.050,Wall$$TankWar,TankWar_P1|TankWar_P2|TankWar_P3|TankWar_P4|TankWar_P5,no configured role token matched
E566,Wall$$TankWar.stossenGegenTeil,METHOD,UNKNOWN,0.200,0.050,Wall$$TankWar,TankWar_P1|TankWar_P2|TankWar_P3|TankWar_P4|TankWar_P5,no configured role token matched
E567,TankManager,CLASS,UNKNOWN,0.200,0.050,,TankWar_P2,no configured role token matched
E568,TankManager.sound,FIELD,UNKNOWN,0.200,0.050,TankManager,TankWar_P2,no configured role token matched
E569,TankManager.TankManager,CONSTRUCTOR,UNKNOWN,0.200,0.050,TankManager,TankWar_P2,no configured role token matched
E57,MapInfo.readMap,METHOD,UNKNOWN,0.200,0.050,MapInfo,TankWar_P1|TankWar_P2|TankWar_P3|TankWar_P4|TankWar_P5,no configured role token matched
E570,TankManager.aktualisieren,METHOD,UNKNOWN,0.200,0.050,TankManager,TankWar_P2,no configured role token matched
E571,Tank,CLASS,UNKNOWN,0.200,0.050,,TankWar_P2,no configured role token matched
E572,Tank.Tank,CONSTRUCTOR,UNKNOWN,0.200,0.050,Tank,TankWar_P2,no configured role token matched
E573,Tank.tankFeindKI,METHOD,UNKNOWN,0.200,0.050,Tank,TankWar_P2,no configured role token matched
E574,Tank,CLASS,UNKNOWN,0.200,0.050,,TankWar_P1,no configured role token matched
E575,Tank.Tank,CONSTRUCTOR,UNKNOWN,0.200,0.050,Tank,TankWar_P1,no configured role token matched
E576,Tank.tankFeindKI,METHOD,UNKNOWN,0.200,0.050,Tank,TankWar_P1,no configured role token matched
E577,Sprach,CLASS,UNKNOWN,0.200,0.050,,TankWar_P1,no configured role token matched
E578,Sprach.START,FIELD,UNKNOWN,0.200,0.050,Sprach,TankWar_P1,no configured role token matched
E579,Sprach.HELP,FIELD,UNKNOWN,0.200,0.050,Sprach,TankWar_P1,no configured role token matched
E58,MIDlet,CLASS,UNKNOWN,0.200,0.050,,TankWar_P1|TankWar_P2|TankWar_P3|TankWar_P4|TankWar_P5,no configured role token matched
E580,Sprach.HelpItem,FIELD,UNKNOWN,0.200,0.050,Sprach,TankWar_P1,no configured role token matched
E581,Sprach.EXIT,FIELD,UNKNOWN,0.200,0.050,Sprach,TankWar_P1,no configured role token matched
E582,Sprach.LIAN_WANG,FIELD,UNKNOWN,0.200,0.050,Sprach,TankWar_P1,no configured role token matched
E583,Sprach.RESUME,FIELD,UNKNOWN,0.200,0.050,Sprach,TankWar_P1,no configured role token matched
E584,Sprach.NOTE,FIELD,UNKNOWN,0.200,0.050,Sprach,TankWar_P1,no configured role token matched
E585,Sprach.MAIN_MENU,FIELD,APPLICATION_ORCHESTRATION,0.350,0.200,Sprach,TankWar_P1,matched orchestration token
E586,Sprach.PAUSE,FIELD,UNKNOWN,0.200,0.050,Sprach,TankWar_P1,no configured role token matched
E587,Sprach.HNOTE,FIELD,UNKNOWN,0.200,0.050,Sprach,TankWar_P1,no configured role token matched
E588,Sprach.Name,FIELD,UNKNOWN,0.200,0.050,Sprach,TankWar_P1,no configured role token matched
E589,Sprach.LOSE,FIELD,UNKNOWN,0.200,0.050,Sprach,TankWar_P1,no configured role token matched
E59,Maler$$fuer_PC,CLASS,UNKNOWN,0.200,0.050,,TankWar_P1|TankWar_P4|TankWar_P5,no configured role token matched
E590,Sprach.LEVEL,FIELD,UNKNOWN,0.200,0.050,Sprach,TankWar_P1,no configured role token matched
E591,Sprach.WIN,FIELD,UNKNOWN,0.200,0.050,Sprach,TankWar_P1,no configured role token matched
E592,Sprach.TANKA,FIELD,UNKNOWN,0.200,0.050,Sprach,TankWar_P1,no configured role token matched
E593,Sprach.TANKB,FIELD,UNKNOWN,0.200,0.050,Sprach,TankWar_P1,no configured role token matched
E594,Sprach.TANKC,FIELD,UNKNOWN,0.200,0.050,Sprach,TankWar_P1,no configured role token matched
E595,Maler$$M_780,CLASS,UNKNOWN,0.200,0.050,,TankWar_P2,no configured role token matched
E596,Maler$$M_780.Maler$$M_780,CONSTRUCTOR,UNKNOWN,0.200,0.050,Maler$$M_780,TankWar_P2,no configured role token matched
E597,Maler$$M_780.gamesize,METHOD,UNKNOWN,0.200,0.050,Maler$$M_780,TankWar_P2,no configured role token matched
E598,Missile,CLASS,UNKNOWN,0.200,0.050,,TankWar_P3,no configured role token matched
E599,Missile.Missile,CONSTRUCTOR,UNKNOWN,0.200,0.050,Missile,TankWar_P3,no configured role token matched
E6,Missile$$TankWar.tankId,FIELD,UNKNOWN,0.200,0.050,Missile$$TankWar,TankWar_P1|TankWar_P2|TankWar_P3|TankWar_P4|TankWar_P5,no configured role token matched
E60,Maler$$fuer_PC,CLASS,UNKNOWN,0.200,0.050,,TankWar_P3,no configured role token matched
E600,Missile.init,METHOD,UNKNOWN,0.200,0.050,Missile,TankWar_P3,no configured role token matched
E601,Tank,CLASS,UNKNOWN,0.200,0.050,,TankWar_P5,no configured role token matched
E602,Tank.Tank,CONSTRUCTOR,UNKNOWN,0.200,0.050,Tank,TankWar_P5,no configured role token matched
E603,Tank.tankFeindKI,METHOD,UNKNOWN,0.200,0.050,Tank,TankWar_P5,no configured role token matched
E604,Sprach,CLASS,UNKNOWN,0.200,0.050,,TankWar_P2,no configured role token matched
E605,Sprach.START,FIELD,UNKNOWN,0.200,0.050,Sprach,TankWar_P2,no configured role token matched
E606,Sprach.HELP,FIELD,UNKNOWN,0.200,0.050,Sprach,TankWar_P2,no configured role token matched
E607,Sprach.HelpItem,FIELD,UNKNOWN,0.200,0.050,Sprach,TankWar_P2,no configured role token matched
E608,Sprach.EXIT,FIELD,UNKNOWN,0.200,0.050,Sprach,TankWar_P2,no configured role token matched
E609,Sprach.LIAN_WANG,FIELD,UNKNOWN,0.200,0.050,Sprach,TankWar_P2,no configured role token matched
E61,Maler$$fuer_PC,CLASS,UNKNOWN,0.200,0.050,,TankWar_P2,no configured role token matched
E610,Sprach.RESUME,FIELD,UNKNOWN,0.200,0.050,Sprach,TankWar_P2,no configured role token matched
E611,Sprach.NOTE,FIELD,UNKNOWN,0.200,0.050,Sprach,TankWar_P2,no configured role token matched
E612,Sprach.MAIN_MENU,FIELD,APPLICATION_ORCHESTRATION,0.350,0.200,Sprach,TankWar_P2,matched orchestration token
E613,Sprach.PAUSE,FIELD,UNKNOWN,0.200,0.050,Sprach,TankWar_P2,no configured role token matched
E614,Sprach.HNOTE,FIELD,UNKNOWN,0.200,0.050,Sprach,TankWar_P2,no configured role token matched
E615,Sprach.Name,FIELD,UNKNOWN,0.200,0.050,Sprach,TankWar_P2,no configured role token matched
E616,Sprach.LOSE,FIELD,UNKNOWN,0.200,0.050,Sprach,TankWar_P2,no configured role token matched
E617,Sprach.LEVEL,FIELD,UNKNOWN,0.200,0.050,Sprach,TankWar_P2,no configured role token matched
E618,Sprach.WIN,FIELD,UNKNOWN,0.200,0.050,Sprach,TankWar_P2,no configured role token matched
E619,Sprach.TANKA,FIELD,UNKNOWN,0.200,0.050,Sprach,TankWar_P2,no configured role token matched
E62,Maler$$fuer_PC.images,FIELD,UNKNOWN,0.200,0.050,Maler$$fuer_PC,TankWar_P1|TankWar_P2|TankWar_P3|TankWar_P4|TankWar_P5,no configured role token matched
E620,Sprach.TANKB,FIELD,UNKNOWN,0.200,0.050,Sprach,TankWar_P2,no configured role token matched
E621,Sprach.TANKC,FIELD,UNKNOWN,0.200,0.050,Sprach,TankWar_P2,no configured role token matched
E622,Missile,CLASS,UNKNOWN,0.200,0.050,,TankWar_P2,no configured role token matched
E623,Missile.Missile,CONSTRUCTOR,UNKNOWN,0.200,0.050,Missile,TankWar_P2,no configured role token matched
E624,Missile.init,METHOD,UNKNOWN,0.200,0.050,Missile,TankWar_P2,no configured role token matched
E625,Sprach,CLASS,UNKNOWN,0.200,0.050,,TankWar_P5,no configured role token matched
E626,Sprach.START,FIELD,UNKNOWN,0.200,0.050,Sprach,TankWar_P5,no configured role token matched
E627,Sprach.HELP,FIELD,UNKNOWN,0.200,0.050,Sprach,TankWar_P5,no configured role token matched
E628,Sprach.HelpItem,FIELD,UNKNOWN,0.200,0.050,Sprach,TankWar_P5,no configured role token matched
E629,Sprach.EXIT,FIELD,UNKNOWN,0.200,0.050,Sprach,TankWar_P5,no configured role token matched
E63,Maler$$fuer_PC.Maler$$fuer_PC,CONSTRUCTOR,UNKNOWN,0.200,0.050,Maler$$fuer_PC,TankWar_P1|TankWar_P2|TankWar_P3|TankWar_P4|TankWar_P5,no configured role token matched
E630,Sprach.LIAN_WANG,FIELD,UNKNOWN,0.200,0.050,Sprach,TankWar_P5,no configured role token matched
E631,Sprach.RESUME,FIELD,UNKNOWN,0.200,0.050,Sprach,TankWar_P5,no configured role token matched
E632,Sprach.NOTE,FIELD,UNKNOWN,0.200,0.050,Sprach,TankWar_P5,no configured role token matched
E633,Sprach.MAIN_MENU,FIELD,APPLICATION_ORCHESTRATION,0.350,0.200,Sprach,TankWar_P5,matched orchestration token
E634,Sprach.PAUSE,FIELD,UNKNOWN,0.200,0.050,Sprach,TankWar_P5,no configured role token matched
E635,Sprach.HNOTE,FIELD,UNKNOWN,0.200,0.050,Sprach,TankWar_P5,no configured role token matched
E636,Sprach.Name,FIELD,UNKNOWN,0.200,0.050,Sprach,TankWar_P5,no configured role token matched
E637,Sprach.LOSE,FIELD,UNKNOWN,0.200,0.050,Sprach,TankWar_P5,no configured role token matched
E638,Sprach.LEVEL,FIELD,UNKNOWN,0.200,0.050,Sprach,TankWar_P5,no configured role token matched
E639,Sprach.WIN,FIELD,UNKNOWN,0.200,0.050,Sprach,TankWar_P5,no configured role token matched
E64,Maler$$fuer_PC.drawImage,METHOD,UNKNOWN,0.200,0.050,Maler$$fuer_PC,TankWar_P1|TankWar_P2|TankWar_P3|TankWar_P4|TankWar_P5,no configured role token matched
E640,Sprach.TANKA,FIELD,UNKNOWN,0.200,0.050,Sprach,TankWar_P5,no configured role token matched
E641,Sprach.TANKB,FIELD,UNKNOWN,0.200,0.050,Sprach,TankWar_P5,no configured role token matched
E642,Sprach.TANKC,FIELD,UNKNOWN,0.200,0.050,Sprach,TankWar_P5,no configured role token matched
E643,Tank$$Image,CLASS,UNKNOWN,0.200,0.050,,TankWar_P5,no configured role token matched
E644,Tank$$Image,CLASS,UNKNOWN,0.200,0.050,,TankWar_P3,no configured role token matched
E645,Tank$$Image,CLASS,UNKNOWN,0.200,0.050,,TankWar_P1,no configured role token matched
E646,Tank$$Image,CLASS,UNKNOWN,0.200,0.050,,TankWar_P4,no configured role token matched
E647,Tank$$Image,CLASS,UNKNOWN,0.200,0.050,,TankWar_P2,no configured role token matched
E648,Tank$$Image.Tank$$Image,CONSTRUCTOR,UNKNOWN,0.200,0.050,Tank$$Image,TankWar_P1|TankWar_P2|TankWar_P3|TankWar_P4|TankWar_P5,no configured role token matched
E649,Tank$$Image.tankMalen,METHOD,UNKNOWN,0.200,0.050,Tank$$Image,TankWar_P1|TankWar_P2|TankWar_P3|TankWar_P4|TankWar_P5,no configured role token matched
E65,Maler$$fuer_PC.loadimage,METHOD,UNKNOWN,0.200,0.050,Maler$$fuer_PC,TankWar_P1|TankWar_P2|TankWar_P3|TankWar_P4|TankWar_P5,no configured role token matched
E650,Tank$$Image.drawTanks,METHOD,UNKNOWN,0.200,0.050,Tank$$Image,TankWar_P1|TankWar_P2|TankWar_P3|TankWar_P4|TankWar_P5,no configured role token matched
E651,Missile,CLASS,UNKNOWN,0.200,0.050,,TankWar_P1,no configured role token matched
E652,Missile.Missile,CONSTRUCTOR,UNKNOWN,0.200,0.050,Missile,TankWar_P1,no configured role token matched
E653,Missile.malen,METHOD,UNKNOWN,0.200,0.050,Missile,TankWar_P1,no configured role token matched
E654,TankManager,CLASS,UNKNOWN,0.200,0.050,,TankWar_P3,no configured role token matched
E655,TankManager.sound,FIELD,UNKNOWN,0.200,0.050,TankManager,TankWar_P3,no configured role token matched
E656,TankManager.TankManager,CONSTRUCTOR,UNKNOWN,0.200,0.050,TankManager,TankWar_P3,no configured role token matched
E657,TankManager.aktualisieren,METHOD,UNKNOWN,0.200,0.050,TankManager,TankWar_P3,no configured role token matched
E658,Missile,CLASS,UNKNOWN,0.200,0.050,,TankWar_P5,no configured role token matched
E659,Missile.Missile,CONSTRUCTOR,UNKNOWN,0.200,0.050,Missile,TankWar_P5,no configured role token matched
E66,Tank$$TankWar,CLASS,UNKNOWN,0.200,0.050,,TankWar_P1|TankWar_P2|TankWar_P3|TankWar_P4|TankWar_P5,no configured role token matched
E660,Missile.malen,METHOD,UNKNOWN,0.200,0.050,Missile,TankWar_P5,no configured role token matched
E661,Sprach,CLASS,UNKNOWN,0.200,0.050,,TankWar_P3,no configured role token matched
E662,Sprach.START,FIELD,UNKNOWN,0.200,0.050,Sprach,TankWar_P3,no configured role token matched
E663,Sprach.HELP,FIELD,UNKNOWN,0.200,0.050,Sprach,TankWar_P3,no configured role token matched
E664,Sprach.HelpItem,FIELD,UNKNOWN,0.200,0.050,Sprach,TankWar_P3,no configured role token matched
E665,Sprach.EXIT,FIELD,UNKNOWN,0.200,0.050,Sprach,TankWar_P3,no configured role token matched
E666,Sprach.LIAN_WANG,FIELD,UNKNOWN,0.200,0.050,Sprach,TankWar_P3,no configured role token matched
E667,Sprach.RESUME,FIELD,UNKNOWN,0.200,0.050,Sprach,TankWar_P3,no configured role token matched
E668,Sprach.NOTE,FIELD,UNKNOWN,0.200,0.050,Sprach,TankWar_P3,no configured role token matched
E669,Sprach.MAIN_MENU,FIELD,APPLICATION_ORCHESTRATION,0.350,0.200,Sprach,TankWar_P3,matched orchestration token
E67,Tank$$TankWar.geschwindigkeit,FIELD,UNKNOWN,0.200,0.050,Tank$$TankWar,TankWar_P1|TankWar_P2|TankWar_P3|TankWar_P4|TankWar_P5,no configured role token matched
E670,Sprach.PAUSE,FIELD,UNKNOWN,0.200,0.050,Sprach,TankWar_P3,no configured role token matched
E671,Sprach.HNOTE,FIELD,UNKNOWN,0.200,0.050,Sprach,TankWar_P3,no configured role token matched
E672,Sprach.Name,FIELD,UNKNOWN,0.200,0.050,Sprach,TankWar_P3,no configured role token matched
E673,Sprach.LOSE,FIELD,UNKNOWN,0.200,0.050,Sprach,TankWar_P3,no configured role token matched
E674,Sprach.LEVEL,FIELD,UNKNOWN,0.200,0.050,Sprach,TankWar_P3,no configured role token matched
E675,Sprach.WIN,FIELD,UNKNOWN,0.200,0.050,Sprach,TankWar_P3,no configured role token matched
E676,Sprach.TANKA,FIELD,UNKNOWN,0.200,0.050,Sprach,TankWar_P3,no configured role token matched
E677,Sprach.TANKB,FIELD,UNKNOWN,0.200,0.050,Sprach,TankWar_P3,no configured role token matched
E678,Sprach.TANKC,FIELD,UNKNOWN,0.200,0.050,Sprach,TankWar_P3,no configured role token matched
E679,TankManager,CLASS,UNKNOWN,0.200,0.050,,TankWar_P4,no configured role token matched
E68,Tank$$TankWar.xf_Koordinate,FIELD,UNKNOWN,0.200,0.050,Tank$$TankWar,TankWar_P1|TankWar_P2|TankWar_P3|TankWar_P4|TankWar_P5,no configured role token matched
E680,TankManager.sound,FIELD,UNKNOWN,0.200,0.050,TankManager,TankWar_P4,no configured role token matched
E681,TankManager.TankManager,CONSTRUCTOR,UNKNOWN,0.200,0.050,TankManager,TankWar_P4,no configured role token matched
E682,TankManager.aktualisieren,METHOD,UNKNOWN,0.200,0.050,TankManager,TankWar_P4,no configured role token matched
E683,TankManager$$TankWar,CLASS,UNKNOWN,0.200,0.050,,TankWar_P1|TankWar_P2|TankWar_P3|TankWar_P4|TankWar_P5,no configured role token matched
E684,TankManager$$TankWar.maler,FIELD,UNKNOWN,0.200,0.050,TankManager$$TankWar,TankWar_P1|TankWar_P2|TankWar_P3|TankWar_P4|TankWar_P5,no configured role token matched
E685,TankManager$$TankWar.status,FIELD,UNKNOWN,0.200,0.050,TankManager$$TankWar,TankWar_P1|TankWar_P2|TankWar_P3|TankWar_P4|TankWar_P5,no configured role token matched
E686,TankManager$$TankWar.screenHeight,FIELD,UNKNOWN,0.200,0.050,TankManager$$TankWar,TankWar_P1|TankWar_P2|TankWar_P3|TankWar_P4|TankWar_P5,no configured role token matched
E687,TankManager$$TankWar.screenWidth,FIELD,UNKNOWN,0.200,0.050,TankManager$$TankWar,TankWar_P1|TankWar_P2|TankWar_P3|TankWar_P4|TankWar_P5,no configured role token matched
E688,TankManager$$TankWar.koernigkeit,FIELD,UNKNOWN,0.200,0.050,TankManager$$TankWar,TankWar_P1|TankWar_P2|TankWar_P3|TankWar_P4|TankWar_P5,no configured role token matched
E689,TankManager$$TankWar.koernigkeit2,FIELD,UNKNOWN,0.200,0.050,TankManager$$TankWar,TankWar_P1|TankWar_P2|TankWar_P3|TankWar_P4|TankWar_P5,no configured role token matched
E69,Tank$$TankWar.yf_Koordinate,FIELD,UNKNOWN,0.200,0.050,Tank$$TankWar,TankWar_P1|TankWar_P2|TankWar_P3|TankWar_P4|TankWar_P5,no configured role token matched
E690,TankManager$$TankWar.name,FIELD,UNKNOWN,0.200,0.050,TankManager$$TankWar,TankWar_P1|TankWar_P2|TankWar_P3|TankWar_P4|TankWar_P5,no configured role token matched
E691,TankManager$$TankWar.tank1,FIELD,UNKNOWN,0.200,0.050,TankManager$$TankWar,TankWar_P1|TankWar_P2|TankWar_P3|TankWar_P4|TankWar_P5,no configured role token matched
E692,TankManager$$TankWar.tank2,FIELD,UNKNOWN,0.200,0.050,TankManager$$TankWar,TankWar_P1|TankWar_P2|TankWar_P3|TankWar_P4|TankWar_P5,no configured role token matched
E693,TankManager$$TankWar.base,FIELD,UNKNOWN,0.200,0.050,TankManager$$TankWar,TankWar_P1|TankWar_P2|TankWar_P3|TankWar_P4|TankWar_P5,no configured role token matched
E694,TankManager$$TankWar.lvl,FIELD,UNKNOWN,0.200,0.050,TankManager$$TankWar,TankWar_P1|TankWar_P2|TankWar_P3|TankWar_P4|TankWar_P5,no configured role token matched
E695,TankManager$$TankWar.tankMenge,FIELD,UNKNOWN,0.200,0.050,TankManager$$TankWar,TankWar_P1|TankWar_P2|TankWar_P3|TankWar_P4|TankWar_P5,no configured role token matched
E696,TankManager$$TankWar.missilesMenge,FIELD,UNKNOWN,0.200,0.050,TankManager$$TankWar,TankWar_P1|TankWar_P2|TankWar_P3|TankWar_P4|TankWar_P5,no configured role token matched
E697,TankManager$$TankWar.brickwall,FIELD,UNKNOWN,0.200,0.050,TankManager$$TankWar,TankWar_P1|TankWar_P2|TankWar_P3|TankWar_P4|TankWar_P5,no configured role token matched
E698,TankManager$$TankWar.metalwall,FIELD,UNKNOWN,0.200,0.050,TankManager$$TankWar,TankWar_P1|TankWar_P2|TankWar_P3|TankWar_P4|TankWar_P5,no configured role token matched
E699,TankManager$$TankWar.grasswall,FIELD,UNKNOWN,0.200,0.050,TankManager$$TankWar,TankWar_P1|TankWar_P2|TankWar_P3|TankWar_P4|TankWar_P5,no configured role token matched
E7,Missile$$TankWar.missileRichtung,FIELD,UNKNOWN,0.200,0.050,Missile$$TankWar,TankWar_P1|TankWar_P2|TankWar_P3|TankWar_P4|TankWar_P5,no configured role token matched
E70,Tank$$TankWar.currTime,FIELD,UNKNOWN,0.200,0.050,Tank$$TankWar,TankWar_P1|TankWar_P2|TankWar_P3|TankWar_P4|TankWar_P5,no configured role token matched
E700,TankManager$$TankWar.waterwall,FIELD,UNKNOWN,0.200,0.050,TankManager$$TankWar,TankWar_P1|TankWar_P2|TankWar_P3|TankWar_P4|TankWar_P5,no configured role token matched
E701,TankManager$$TankWar.enemyPosition,FIELD,DOMAIN_CORE,0.900,0.050,TankManager$$TankWar,TankWar_P1|TankWar_P2|TankWar_P3|TankWar_P4|TankWar_P5,matched domain-core token
E702,TankManager$$TankWar.enemyType,FIELD,UNKNOWN,0.200,0.050,TankManager$$TankWar,TankWar_P1|TankWar_P2|TankWar_P3|TankWar_P4|TankWar_P5,no configured role token matched
E703,TankManager$$TankWar.playerPositionX,FIELD,DOMAIN_CORE,0.900,0.050,TankManager$$TankWar,TankWar_P1|TankWar_P2|TankWar_P3|TankWar_P4|TankWar_P5,matched domain-core token
E704,TankManager$$TankWar.playerPositionY,FIELD,DOMAIN_CORE,0.900,0.050,TankManager$$TankWar,TankWar_P1|TankWar_P2|TankWar_P3|TankWar_P4|TankWar_P5,matched domain-core token
E705,TankManager$$TankWar.bPositionX,FIELD,DOMAIN_CORE,0.900,0.050,TankManager$$TankWar,TankWar_P1|TankWar_P2|TankWar_P3|TankWar_P4|TankWar_P5,matched domain-core token
E706,TankManager$$TankWar.bPositionY,FIELD,DOMAIN_CORE,0.900,0.050,TankManager$$TankWar,TankWar_P1|TankWar_P2|TankWar_P3|TankWar_P4|TankWar_P5,matched domain-core token
E707,TankManager$$TankWar.tankAllNum,FIELD,UNKNOWN,0.200,0.050,TankManager$$TankWar,TankWar_P1|TankWar_P2|TankWar_P3|TankWar_P4|TankWar_P5,no configured role token matched
E708,TankManager$$TankWar.tankMaxNum,FIELD,UNKNOWN,0.200,0.050,TankManager$$TankWar,TankWar_P1|TankWar_P2|TankWar_P3|TankWar_P4|TankWar_P5,no configured role token matched
E709,TankManager$$TankWar.enemyTankNum,FIELD,UNKNOWN,0.200,0.050,TankManager$$TankWar,TankWar_P1|TankWar_P2|TankWar_P3|TankWar_P4|TankWar_P5,no configured role token matched
E71,Tank$$TankWar.time,FIELD,UNKNOWN,0.200,0.050,Tank$$TankWar,TankWar_P1|TankWar_P2|TankWar_P3|TankWar_P4|TankWar_P5,no configured role token matched
E710,TankManager$$TankWar.random,FIELD,UNKNOWN,0.200,0.050,TankManager$$TankWar,TankWar_P1|TankWar_P2|TankWar_P3|TankWar_P4|TankWar_P5,no configured role token matched
E711,TankManager$$TankWar.game,FIELD,UNKNOWN,0.200,0.050,TankManager$$TankWar,TankWar_P1|TankWar_P2|TankWar_P3|TankWar_P4|TankWar_P5,no configured role token matched
E712,TankManager$$TankWar.mapReady,FIELD,UNKNOWN,0.200,0.050,TankManager$$TankWar,TankWar_P1|TankWar_P2|TankWar_P3|TankWar_P4|TankWar_P5,no configured role token matched
E713,TankManager$$TankWar.TankManager$$TankWar,CONSTRUCTOR,UNKNOWN,0.200,0.050,TankManager$$TankWar,TankWar_P1|TankWar_P2|TankWar_P3|TankWar_P4|TankWar_P5,no configured role token matched
E714,TankManager$$TankWar.main,METHOD,APPLICATION_ORCHESTRATION,0.350,0.200,TankManager$$TankWar,TankWar_P1|TankWar_P2|TankWar_P3|TankWar_P4|TankWar_P5,matched orchestration token
E715,TankManager$$TankWar.init,METHOD,UNKNOWN,0.200,0.050,TankManager$$TankWar,TankWar_P1|TankWar_P2|TankWar_P3|TankWar_P4|TankWar_P5,no configured role token matched
E716,TankManager$$TankWar.aktualisieren,METHOD,UNKNOWN,0.200,0.050,TankManager$$TankWar,TankWar_P1|TankWar_P2|TankWar_P3|TankWar_P4|TankWar_P5,no configured role token matched
E717,TankManager$$TankWar.keyPressBehandeln,METHOD,UNKNOWN,0.200,0.050,TankManager$$TankWar,TankWar_P1|TankWar_P2|TankWar_P3|TankWar_P4|TankWar_P5,no configured role token matched
E718,TankManager$$TankWar.keyReleaseBehandeln,METHOD,UNKNOWN,0.200,0.050,TankManager$$TankWar,TankWar_P1|TankWar_P2|TankWar_P3|TankWar_P4|TankWar_P5,no configured role token matched
E719,TankManager$$TankWar.malenkontrolle,METHOD,UNKNOWN,0.200,0.050,TankManager$$TankWar,TankWar_P1|TankWar_P2|TankWar_P3|TankWar_P4|TankWar_P5,no configured role token matched
E72,Tank$$TankWar.time1,FIELD,UNKNOWN,0.200,0.050,Tank$$TankWar,TankWar_P1|TankWar_P2|TankWar_P3|TankWar_P4|TankWar_P5,no configured role token matched
E720,TankManager$$TankWar.komponenteMalen,METHOD,UNKNOWN,0.200,0.050,TankManager$$TankWar,TankWar_P1|TankWar_P2|TankWar_P3|TankWar_P4|TankWar_P5,no configured role token matched
E721,TankManager$$TankWar.gruppeMalen,METHOD,UNKNOWN,0.200,0.050,TankManager$$TankWar,TankWar_P1|TankWar_P2|TankWar_P3|TankWar_P4|TankWar_P5,no configured role token matched
E722,TankManager$$TankWar.setStatus,METHOD,UNKNOWN,0.200,0.050,TankManager$$TankWar,TankWar_P1|TankWar_P2|TankWar_P3|TankWar_P4|TankWar_P5,no configured role token matched
E723,TankManager$$TankWar.mapLaden,METHOD,UNKNOWN,0.200,0.050,TankManager$$TankWar,TankWar_P1|TankWar_P2|TankWar_P3|TankWar_P4|TankWar_P5,no configured role token matched
E724,TankManager$$TankWar.tanksLaden,METHOD,UNKNOWN,0.200,0.050,TankManager$$TankWar,TankWar_P1|TankWar_P2|TankWar_P3|TankWar_P4|TankWar_P5,no configured role token matched
E725,TankManager$$TankWar.addEnemyTank,METHOD,UNKNOWN,0.200,0.050,TankManager$$TankWar,TankWar_P1|TankWar_P2|TankWar_P3|TankWar_P4|TankWar_P5,no configured role token matched
E726,TankManager$$TankWar.getBlood,METHOD,UNKNOWN,0.200,0.050,TankManager$$TankWar,TankWar_P1|TankWar_P2|TankWar_P3|TankWar_P4|TankWar_P5,no configured role token matched
E727,TankManager$$TankWar.getTankMenge,METHOD,UNKNOWN,0.200,0.050,TankManager$$TankWar,TankWar_P1|TankWar_P2|TankWar_P3|TankWar_P4|TankWar_P5,no configured role token matched
E73,Tank$$TankWar.missileType,FIELD,UNKNOWN,0.200,0.050,Tank$$TankWar,TankWar_P1|TankWar_P2|TankWar_P3|TankWar_P4|TankWar_P5,no configured role token matched
E74,Tank$$TankWar.feuernKontroller,FIELD,UNKNOWN,0.200,0.050,Tank$$TankWar,TankWar_P1|TankWar_P2|TankWar_P3|TankWar_P4|TankWar_P5,no configured role token matched
E75,Tank$$TankWar.feuernHaufigkeit,FIELD,UNKNOWN,0.200,0.050,Tank$$TankWar,TankWar_P1|TankWar_P2|TankWar_P3|TankWar_P4|TankWar_P5,no configured role token matched
E76,Tank$$TankWar.energie,FIELD,UNKNOWN,0.200,0.050,Tank$$TankWar,TankWar_P1|TankWar_P2|TankWar_P3|TankWar_P4|TankWar_P5,no configured role token matched
E77,Tank$$TankWar.random,FIELD,UNKNOWN,0.200,0.050,Tank$$TankWar,TankWar_P1|TankWar_P2|TankWar_P3|TankWar_P4|TankWar_P5,no configured role token matched
E78,Tank$$TankWar.aktive,FIELD,UNKNOWN,0.200,0.050,Tank$$TankWar,TankWar_P1|TankWar_P2|TankWar_P3|TankWar_P4|TankWar_P5,no configured role token matched
E79,Tank$$TankWar.feuern,FIELD,UNKNOWN,0.200,0.050,Tank$$TankWar,TankWar_P1|TankWar_P2|TankWar_P3|TankWar_P4|TankWar_P5,no configured role token matched
E8,Missile$$TankWar.vernichtungskraft,FIELD,UNKNOWN,0.200,0.050,Missile$$TankWar,TankWar_P1|TankWar_P2|TankWar_P3|TankWar_P4|TankWar_P5,no configured role token matched
E80,Tank$$TankWar.keyDown,FIELD,UNKNOWN,0.200,0.050,Tank$$TankWar,TankWar_P1|TankWar_P2|TankWar_P3|TankWar_P4|TankWar_P5,no configured role token matched
E81,Tank$$TankWar.keyLeft,FIELD,UNKNOWN,0.200,0.050,Tank$$TankWar,TankWar_P1|TankWar_P2|TankWar_P3|TankWar_P4|TankWar_P5,no configured role token matched
E82,Tank$$TankWar.keyRight,FIELD,UNKNOWN,0.200,0.050,Tank$$TankWar,TankWar_P1|TankWar_P2|TankWar_P3|TankWar_P4|TankWar_P5,no configured role token matched
E83,Tank$$TankWar.keyUp,FIELD,UNKNOWN,0.200,0.050,Tank$$TankWar,TankWar_P1|TankWar_P2|TankWar_P3|TankWar_P4|TankWar_P5,no configured role token matched
E84,Tank$$TankWar.flachHeit,FIELD,UNKNOWN,0.200,0.050,Tank$$TankWar,TankWar_P1|TankWar_P2|TankWar_P3|TankWar_P4|TankWar_P5,no configured role token matched
E85,Tank$$TankWar.feindlich,FIELD,UNKNOWN,0.200,0.050,Tank$$TankWar,TankWar_P1|TankWar_P2|TankWar_P3|TankWar_P4|TankWar_P5,no configured role token matched
E86,Tank$$TankWar.beschId,FIELD,UNKNOWN,0.200,0.050,Tank$$TankWar,TankWar_P1|TankWar_P2|TankWar_P3|TankWar_P4|TankWar_P5,no configured role token matched
E87,Tank$$TankWar.elapsedTime,FIELD,UNKNOWN,0.200,0.050,Tank$$TankWar,TankWar_P1|TankWar_P2|TankWar_P3|TankWar_P4|TankWar_P5,no configured role token matched
E88,Tank$$TankWar.flachHeitRichtung,FIELD,UNKNOWN,0.200,0.050,Tank$$TankWar,TankWar_P1|TankWar_P2|TankWar_P3|TankWar_P4|TankWar_P5,no configured role token matched
E89,Tank$$TankWar.fahrRichtung,FIELD,UNKNOWN,0.200,0.050,Tank$$TankWar,TankWar_P1|TankWar_P2|TankWar_P3|TankWar_P4|TankWar_P5,no configured role token matched
E9,Missile$$TankWar.feindlich,FIELD,UNKNOWN,0.200,0.050,Missile$$TankWar,TankWar_P1|TankWar_P2|TankWar_P3|TankWar_P4|TankWar_P5,no configured role token matched
E90,Tank$$TankWar.tankRichtung,FIELD,UNKNOWN,0.200,0.050,Tank$$TankWar,TankWar_P1|TankWar_P2|TankWar_P3|TankWar_P4|TankWar_P5,no configured role token matched
E91,Tank$$TankWar.Tank$$TankWar,CONSTRUCTOR,UNKNOWN,0.200,0.050,Tank$$TankWar,TankWar_P1|TankWar_P2|TankWar_P3|TankWar_P4|TankWar_P5,no configured role token matched
E92,Tank$$TankWar.init,METHOD,UNKNOWN,0.200,0.050,Tank$$TankWar,TankWar_P1|TankWar_P2|TankWar_P3|TankWar_P4|TankWar_P5,no configured role token matched
E93,Tank$$TankWar.malen,METHOD,UNKNOWN,0.200,0.050,Tank$$TankWar,TankWar_P1|TankWar_P2|TankWar_P3|TankWar_P4|TankWar_P5,no configured role token matched
E94,Tank$$TankWar.tankMalen,METHOD,UNKNOWN,0.200,0.050,Tank$$TankWar,TankWar_P1|TankWar_P2|TankWar_P3|TankWar_P4|TankWar_P5,no configured role token matched
E95,Tank$$TankWar.geschuetzTurm,METHOD,UNKNOWN,0.200,0.050,Tank$$TankWar,TankWar_P1|TankWar_P2|TankWar_P3|TankWar_P4|TankWar_P5,no configured role token matched
E96,Tank$$TankWar.keyPressBehandeln,METHOD,UNKNOWN,0.200,0.050,Tank$$TankWar,TankWar_P1|TankWar_P2|TankWar_P3|TankWar_P4|TankWar_P5,no configured role token matched
E97,Tank$$TankWar.keyReleaseBehandeln,METHOD,UNKNOWN,0.200,0.050,Tank$$TankWar,TankWar_P1|TankWar_P2|TankWar_P3|TankWar_P4|TankWar_P5,no configured role token matched
E98,Tank$$TankWar.richtungErkennen,METHOD,UNKNOWN,0.200,0.050,Tank$$TankWar,TankWar_P1|TankWar_P2|TankWar_P3|TankWar_P4|TankWar_P5,no configured role token matched
E99,Tank$$TankWar.feuern,METHOD,UNKNOWN,0.200,0.050,Tank$$TankWar,TankWar_P1|TankWar_P2|TankWar_P3|TankWar_P4|TankWar_P5,no configured role token matched
